customerID,gender,SeniorCitizen,Partner,Dependents,tenure,PhoneService,MultipleLines,InternetService,OnlineSecurity,OnlineBackup,DeviceProtection,TechSupport,StreamingTV,StreamingMovies,Contract,PaperlessBilling,PaymentMethod,MonthlyCharges,TotalCharges,Churn,Customer_Lifetime_Months,Average_Monthly_Spend,Service_Count,Paperless_Billing_Flag,Automatic_Payment_Flag,Short_Tenure_Flag,High_Monthly_Charge_Flag,Customer_Segment,Churn_Probability,Predicted_Churn,Risk_Level,Retention_Recommendation
9305-CDSKC,Female,0,No,No,8,Yes,Yes,Fiber optic,No,No,Yes,No,Yes,Yes,Month-to-month,Yes,Electronic check,99.65,820.5,1,8,102.5625,5,1,0,1,1,New,0.8636949211165612,1,HIGH,Offer a longer-term contract with an incentive. Provide an early-tenure retention offer or onboarding support. Review pricing and offer a suitable plan or discount.
8779-QRDMV,Male,1,No,No,1,No,No phone service,DSL,No,No,Yes,No,No,Yes,Month-to-month,Yes,Electronic check,39.65,39.65,1,1,39.65,2,1,0,1,0,New,0.8484745155737021,1,HIGH,Offer a longer-term contract with an incentive. Provide an early-tenure retention offer or onboarding support. Offer technical support or a support package.
4929-XIHVW,Male,1,Yes,No,2,Yes,No,Fiber optic,No,No,Yes,No,Yes,Yes,Month-to-month,Yes,Credit card (automatic),95.5,181.65,0,2,90.825,4,1,1,1,1,New,0.8004284529496404,1,HIGH,Offer a longer-term contract with an incentive. Provide an early-tenure retention offer or onboarding support. Review pricing and offer a suitable plan or discount.
8168-UQWWF,Female,0,No,No,11,Yes,Yes,Fiber optic,No,No,Yes,No,Yes,Yes,Month-to-month,Yes,Bank transfer (automatic),97.85,1105.4,1,11,100.4909090909091,5,1,1,1,1,New,0.8183000802853031,1,HIGH,Offer a longer-term contract with an incentive. Provide an early-tenure retention offer or onboarding support. Review pricing and offer a suitable plan or discount.
1658-BYGOY,Male,1,No,No,18,Yes,Yes,Fiber optic,No,No,No,No,Yes,Yes,Month-to-month,Yes,Electronic check,95.45,1752.55,1,18,97.36388888888888,4,1,0,0,1,Established,0.703785400652784,1,HIGH,Offer a longer-term contract with an incentive. Review pricing and offer a suitable plan or discount. Offer technical support or a support package.
5698-BQJOH,Female,0,No,No,9,Yes,Yes,Fiber optic,No,No,No,No,Yes,Yes,Month-to-month,No,Electronic check,94.4,857.25,1,9,95.25,4,0,0,1,1,New,0.738425632351448,1,HIGH,Offer a longer-term contract with an incentive. Provide an early-tenure retention offer or onboarding support. Review pricing and offer a suitable plan or discount.
5919-TMRGD,Female,0,No,Yes,1,Yes,No,Fiber optic,No,No,No,No,Yes,No,Month-to-month,Yes,Electronic check,79.35,79.35,1,1,79.35,2,1,0,1,1,New,0.8854505432996412,1,HIGH,Offer a longer-term contract with an incentive. Provide an early-tenure retention offer or onboarding support. Offer technical support or a support package.
4445-ZJNMU,Male,0,No,No,9,Yes,Yes,Fiber optic,No,Yes,No,No,Yes,Yes,Month-to-month,Yes,Credit card (automatic),99.3,918.75,0,9,102.08333333333331,5,1,1,1,1,New,0.8351277555904388,1,HIGH,Offer a longer-term contract with an incentive. Provide an early-tenure retention offer or onboarding support. Review pricing and offer a suitable plan or discount.
5299-RULOA,Female,0,Yes,Yes,10,Yes,Yes,Fiber optic,Yes,No,No,No,Yes,Yes,Month-to-month,Yes,Electronic check,100.25,1064.65,1,10,106.465,5,1,0,1,1,New,0.7788403129562622,1,HIGH,Offer a longer-term contract with an incentive. Provide an early-tenure retention offer or onboarding support. Review pricing and offer a suitable plan or discount.
0404-SWRVG,Male,0,No,No,3,Yes,Yes,Fiber optic,No,No,No,No,No,No,Month-to-month,Yes,Electronic check,74.4,229.55,1,3,76.51666666666667,2,1,0,1,1,New,0.7526057893362165,1,HIGH,Offer a longer-term contract with an incentive. Provide an early-tenure retention offer or onboarding support. Offer technical support or a support package.
3091-FYHKI,Male,0,No,No,1,No,No phone service,DSL,No,No,No,No,No,Yes,Month-to-month,Yes,Electronic check,35.45,35.45,1,1,35.45,1,1,0,1,0,New,0.753832359414594,1,HIGH,Offer a longer-term contract with an incentive. Provide an early-tenure retention offer or onboarding support. Offer technical support or a support package.
0390-DCFDQ,Female,1,Yes,No,1,Yes,No,Fiber optic,No,No,No,No,No,No,Month-to-month,Yes,Mailed check,70.45,70.45,1,1,70.45,1,1,0,1,1,New,0.7921896615742222,1,HIGH,Offer a longer-term contract with an incentive. Provide an early-tenure retention offer or onboarding support. Offer technical support or a support package.
1875-QIVME,Female,0,Yes,No,2,Yes,Yes,Fiber optic,No,No,Yes,Yes,Yes,Yes,Month-to-month,Yes,Electronic check,104.4,242.8,1,2,121.4,6,1,0,1,1,New,0.7848541452965432,1,HIGH,Offer a longer-term contract with an incentive. Provide an early-tenure retention offer or onboarding support. Review pricing and offer a suitable plan or discount.
1285-OKIPP,Male,0,No,No,1,Yes,No,Fiber optic,No,No,No,No,No,Yes,Month-to-month,No,Electronic check,79.9,79.9,1,1,79.9,2,0,0,1,1,New,0.8366023619811893,1,HIGH,Offer a longer-term contract with an incentive. Provide an early-tenure retention offer or onboarding support. Offer technical support or a support package.
8937-RDTHP,Male,0,No,No,1,Yes,No,Fiber optic,Yes,No,No,No,No,Yes,Month-to-month,Yes,Mailed check,84.6,84.6,1,1,84.6,3,1,0,1,1,New,0.72627423206276,1,HIGH,Offer a longer-term contract with an incentive. Provide an early-tenure retention offer or onboarding support. Review pricing and offer a suitable plan or discount.
9514-JDSKI,Male,1,Yes,No,1,No,No phone service,DSL,No,Yes,No,No,Yes,No,Month-to-month,No,Electronic check,40.2,40.2,1,1,40.2,2,0,0,1,0,New,0.7828657617640938,1,HIGH,Offer a longer-term contract with an incentive. Provide an early-tenure retention offer or onboarding support. Offer technical support or a support package.
7273-TEFQD,Male,1,No,No,3,No,No phone service,DSL,No,No,Yes,No,No,Yes,Month-to-month,Yes,Electronic check,41.15,132.2,1,3,44.06666666666666,2,1,0,1,0,New,0.7456222759024367,1,HIGH,Offer a longer-term contract with an incentive. Provide an early-tenure retention offer or onboarding support. Offer technical support or a support package.
3606-TWKGI,Male,1,No,No,13,Yes,Yes,Fiber optic,No,Yes,Yes,No,Yes,Yes,Month-to-month,Yes,Electronic check,106.9,1364.3,1,13,104.94615384615383,6,1,0,0,1,Established,0.7521899284639356,1,HIGH,Offer a longer-term contract with an incentive. Review pricing and offer a suitable plan or discount. Offer technical support or a support package.
5940-AHUHD,Male,0,No,No,1,Yes,No,Fiber optic,No,No,No,No,No,No,Month-to-month,No,Mailed check,70.6,70.6,1,1,70.6,1,0,0,1,1,New,0.730009242324137,1,HIGH,Offer a longer-term contract with an incentive. Provide an early-tenure retention offer or onboarding support. Offer technical support or a support package.
6432-TWQLB,Male,0,Yes,No,5,Yes,Yes,Fiber optic,No,Yes,No,Yes,No,No,Month-to-month,Yes,Electronic check,85.4,401.1,1,5,80.22,4,1,0,1,1,New,0.7470454673102627,1,HIGH,Offer a longer-term contract with an incentive. Provide an early-tenure retention offer or onboarding support. Review pricing and offer a suitable plan or discount.
5583-SXDAG,Male,0,Yes,No,1,Yes,No,Fiber optic,No,No,No,No,No,No,Month-to-month,No,Electronic check,70.0,70.0,1,1,70.0,1,0,0,1,0,New,0.7690166678623858,1,HIGH,Offer a longer-term contract with an incentive. Provide an early-tenure retention offer or onboarding support. Offer technical support or a support package.
4847-TAJYI,Female,1,No,No,6,Yes,No,Fiber optic,No,No,No,No,Yes,Yes,Month-to-month,Yes,Electronic check,89.35,567.8,0,6,94.63333333333333,3,1,0,1,1,New,0.7824563749858682,1,HIGH,Offer a longer-term contract with an incentive. Provide an early-tenure retention offer or onboarding support. Review pricing and offer a suitable plan or discount.
8098-LLAZX,Female,1,No,No,4,Yes,Yes,Fiber optic,No,No,No,No,Yes,Yes,Month-to-month,Yes,Electronic check,95.45,396.1,1,4,99.025,4,1,0,1,1,New,0.8660713428500066,1,HIGH,Offer a longer-term contract with an incentive. Provide an early-tenure retention offer or onboarding support. Review pricing and offer a suitable plan or discount.
7563-BIUPC,Male,0,No,No,5,Yes,No,Fiber optic,No,No,No,No,Yes,No,Month-to-month,Yes,Electronic check,80.6,415.55,1,5,83.11,2,1,0,1,1,New,0.7360139443176492,1,HIGH,Offer a longer-term contract with an incentive. Provide an early-tenure retention offer or onboarding support. Review pricing and offer a suitable plan or discount.
0122-OAHPZ,Female,0,No,No,7,Yes,Yes,Fiber optic,No,No,No,No,No,No,Month-to-month,Yes,Electronic check,73.85,511.25,1,7,73.03571428571429,2,1,0,1,1,New,0.7657761796515702,1,HIGH,Offer a longer-term contract with an incentive. Provide an early-tenure retention offer or onboarding support. Offer technical support or a support package.
0021-IKXGC,Female,1,No,No,1,Yes,Yes,Fiber optic,No,No,No,No,No,No,Month-to-month,Yes,Electronic check,72.1,72.1,0,1,72.1,2,1,0,1,1,New,0.8561519617888839,1,HIGH,Offer a longer-term contract with an incentive. Provide an early-tenure retention offer or onboarding support. Offer technical support or a support package.
2034-GDRCN,Female,0,No,No,2,Yes,No,Fiber optic,No,No,No,No,Yes,Yes,Month-to-month,Yes,Electronic check,90.4,168.2,1,2,84.1,3,1,0,1,1,New,0.7483920917388962,1,HIGH,Offer a longer-term contract with an incentive. Provide an early-tenure retention offer or onboarding support. Review pricing and offer a suitable plan or discount.
0219-YTZUE,Male,0,Yes,Yes,4,Yes,Yes,Fiber optic,No,Yes,Yes,No,No,No,Month-to-month,Yes,Bank transfer (automatic),84.8,371.9,1,4,92.975,4,1,1,1,1,New,0.8140164198419608,1,HIGH,Offer a longer-term contract with an incentive. Provide an early-tenure retention offer or onboarding support. Review pricing and offer a suitable plan or discount.
0259-GBZSH,Male,0,No,No,2,Yes,Yes,Fiber optic,No,No,No,No,Yes,No,Month-to-month,Yes,Electronic check,85.65,181.5,1,2,90.75,3,1,0,1,1,New,0.8494264787628604,1,HIGH,Offer a longer-term contract with an incentive. Provide an early-tenure retention offer or onboarding support. Review pricing and offer a suitable plan or discount.
5167-ZFFMM,Male,0,No,No,1,Yes,Yes,Fiber optic,No,Yes,No,No,No,Yes,Month-to-month,Yes,Credit card (automatic),90.85,90.85,1,1,90.85,4,1,1,1,1,New,0.8857000492054483,1,HIGH,Offer a longer-term contract with an incentive. Provide an early-tenure retention offer or onboarding support. Review pricing and offer a suitable plan or discount.
0334-GDDSO,Male,1,No,No,3,Yes,Yes,Fiber optic,No,Yes,No,No,No,No,Month-to-month,Yes,Electronic check,81.35,233.7,1,3,77.89999999999999,3,1,0,1,1,New,0.7745668475307559,1,HIGH,Offer a longer-term contract with an incentive. Provide an early-tenure retention offer or onboarding support. Review pricing and offer a suitable plan or discount.
5564-NEMQO,Female,1,No,No,1,Yes,No,Fiber optic,No,No,Yes,No,No,No,Month-to-month,Yes,Bank transfer (automatic),75.3,75.3,1,1,75.3,2,1,1,1,1,New,0.7894287017919106,1,HIGH,Offer a longer-term contract with an incentive. Provide an early-tenure retention offer or onboarding support. Offer technical support or a support package.
4110-PFEUZ,Female,0,No,No,1,Yes,No,Fiber optic,No,No,No,No,No,No,Month-to-month,No,Mailed check,69.55,69.55,1,1,69.55,1,0,0,1,0,New,0.7468670932655838,1,HIGH,Offer a longer-term contract with an incentive. Provide an early-tenure retention offer or onboarding support. Offer technical support or a support package.
5168-MSWXT,Male,0,Yes,Yes,8,Yes,No,Fiber optic,No,No,Yes,No,Yes,Yes,Month-to-month,Yes,Electronic check,94.75,759.55,0,8,94.94375,4,1,0,1,1,New,0.7176565258302274,1,HIGH,Offer a longer-term contract with an incentive. Provide an early-tenure retention offer or onboarding support. Review pricing and offer a suitable plan or discount.
1452-VOQCH,Male,0,No,No,1,Yes,Yes,Fiber optic,No,No,No,No,No,No,Month-to-month,Yes,Electronic check,75.1,75.1,0,1,75.1,2,1,0,1,1,New,0.8688546371444651,1,HIGH,Offer a longer-term contract with an incentive. Provide an early-tenure retention offer or onboarding support. Offer technical support or a support package.
0880-TKATG,Male,0,Yes,Yes,4,Yes,Yes,Fiber optic,No,No,Yes,No,Yes,Yes,Month-to-month,No,Electronic check,101.15,385.9,1,4,96.475,5,0,0,1,1,New,0.8278124185659752,1,HIGH,Offer a longer-term contract with an incentive. Provide an early-tenure retention offer or onboarding support. Review pricing and offer a suitable plan or discount.
3811-VBYBZ,Male,0,No,No,7,Yes,Yes,Fiber optic,No,Yes,No,No,Yes,Yes,Month-to-month,Yes,Electronic check,99.8,673.25,1,7,96.17857142857144,5,1,0,1,1,New,0.8479177119866523,1,HIGH,Offer a longer-term contract with an incentive. Provide an early-tenure retention offer or onboarding support. Review pricing and offer a suitable plan or discount.
9399-APLBT,Female,0,Yes,Yes,1,Yes,No,Fiber optic,No,Yes,No,No,No,No,Month-to-month,Yes,Electronic check,74.7,74.7,1,1,74.7,2,1,0,1,1,New,0.8017390934538677,1,HIGH,Offer a longer-term contract with an incentive. Provide an early-tenure retention offer or onboarding support. Offer technical support or a support package.
0306-JAELE,Male,0,No,No,5,Yes,No,Fiber optic,No,No,No,Yes,Yes,Yes,Month-to-month,Yes,Electronic check,96.1,453.4,1,5,90.68,4,1,0,1,1,New,0.7407931885780835,1,HIGH,Offer a longer-term contract with an incentive. Provide an early-tenure retention offer or onboarding support. Review pricing and offer a suitable plan or discount.
9094-AZPHK,Female,0,No,No,15,Yes,Yes,Fiber optic,No,Yes,No,No,Yes,Yes,Month-to-month,Yes,Electronic check,100.15,1415.0,0,15,94.33333333333331,5,1,0,0,1,Established,0.7165045595097862,1,HIGH,Offer a longer-term contract with an incentive. Review pricing and offer a suitable plan or discount. Offer technical support or a support package.
8372-JUXUI,Male,0,No,Yes,1,Yes,Yes,Fiber optic,No,No,No,No,No,No,Month-to-month,Yes,Electronic check,74.35,74.35,1,1,74.35,2,1,0,1,1,New,0.8578907909410287,1,HIGH,Offer a longer-term contract with an incentive. Provide an early-tenure retention offer or onboarding support. Offer technical support or a support package.
4636-QRJKY,Female,0,Yes,Yes,6,Yes,Yes,Fiber optic,No,No,No,Yes,No,No,Month-to-month,Yes,Electronic check,80.5,502.85,1,6,83.80833333333334,3,1,0,1,1,New,0.7292461693816421,1,HIGH,Offer a longer-term contract with an incentive. Provide an early-tenure retention offer or onboarding support. Review pricing and offer a suitable plan or discount.
5956-VKDTT,Female,1,Yes,No,5,Yes,Yes,Fiber optic,No,No,No,No,No,No,Month-to-month,Yes,Electronic check,74.35,334.8,1,5,66.96000000000001,2,1,0,1,1,New,0.7515054886857259,1,HIGH,Offer a longer-term contract with an incentive. Provide an early-tenure retention offer or onboarding support. Offer technical support or a support package.
4234-XTNEA,Male,0,No,No,2,Yes,No,Fiber optic,No,No,No,No,Yes,No,Month-to-month,Yes,Electronic check,79.95,174.45,0,2,87.225,2,1,0,1,1,New,0.7350728615132172,1,HIGH,Offer a longer-term contract with an incentive. Provide an early-tenure retention offer or onboarding support. Offer technical support or a support package.
9282-IZGQK,Female,0,No,No,1,Yes,Yes,Fiber optic,No,No,No,No,No,Yes,Month-to-month,Yes,Electronic check,85.0,85.0,1,1,85.0,3,1,0,1,1,New,0.8947817346836158,1,HIGH,Offer a longer-term contract with an incentive. Provide an early-tenure retention offer or onboarding support. Review pricing and offer a suitable plan or discount.
5348-CAGXB,Male,0,No,No,12,Yes,Yes,Fiber optic,No,No,Yes,No,Yes,No,Month-to-month,Yes,Electronic check,89.55,1021.75,0,12,85.14583333333333,4,1,0,1,1,New,0.7738522315806105,1,HIGH,Offer a longer-term contract with an incentive. Provide an early-tenure retention offer or onboarding support. Review pricing and offer a suitable plan or discount.
1342-JPNKI,Male,0,No,No,10,Yes,Yes,Fiber optic,No,No,No,No,Yes,No,Month-to-month,Yes,Bank transfer (automatic),86.05,834.1,1,10,83.41,3,1,1,1,1,New,0.7151539163273083,1,HIGH,Offer a longer-term contract with an incentive. Provide an early-tenure retention offer or onboarding support. Review pricing and offer a suitable plan or discount.
2865-TCHJW,Female,1,No,No,4,Yes,Yes,Fiber optic,No,No,Yes,No,Yes,No,Month-to-month,Yes,Electronic check,89.2,346.2,1,4,86.55,4,1,0,1,1,New,0.8069050517919221,1,HIGH,Offer a longer-term contract with an incentive. Provide an early-tenure retention offer or onboarding support. Review pricing and offer a suitable plan or discount.
5192-EBGOV,Female,1,No,No,1,Yes,Yes,Fiber optic,No,No,No,No,Yes,No,Month-to-month,Yes,Electronic check,85.7,85.7,1,1,85.7,3,1,0,1,1,New,0.8766037509278066,1,HIGH,Offer a longer-term contract with an incentive. Provide an early-tenure retention offer or onboarding support. Review pricing and offer a suitable plan or discount.
0195-IESCP,Male,0,Yes,No,10,Yes,Yes,Fiber optic,No,No,No,No,No,Yes,Month-to-month,Yes,Electronic check,85.25,855.3,1,10,85.53,3,1,0,1,1,New,0.8340501992322292,1,HIGH,Offer a longer-term contract with an incentive. Provide an early-tenure retention offer or onboarding support. Review pricing and offer a suitable plan or discount.
0970-ETWGE,Male,0,No,No,1,Yes,No,Fiber optic,No,No,No,No,Yes,Yes,Month-to-month,Yes,Electronic check,89.55,89.55,1,1,89.55,3,1,0,1,1,New,0.8486177176286561,1,HIGH,Offer a longer-term contract with an incentive. Provide an early-tenure retention offer or onboarding support. Review pricing and offer a suitable plan or discount.
1626-ERCMM,Male,1,Yes,No,20,Yes,Yes,Fiber optic,No,No,No,No,Yes,Yes,Month-to-month,Yes,Electronic check,94.55,1899.65,1,20,94.9825,4,1,0,0,1,Established,0.7049929235254656,1,HIGH,Offer a longer-term contract with an incentive. Review pricing and offer a suitable plan or discount. Offer technical support or a support package.
2024-BASKD,Female,0,No,No,1,Yes,No,Fiber optic,No,No,Yes,No,No,No,Month-to-month,Yes,Mailed check,74.6,74.6,1,1,74.6,2,1,0,1,1,New,0.7953857815580814,1,HIGH,Offer a longer-term contract with an incentive. Provide an early-tenure retention offer or onboarding support. Offer technical support or a support package.
3276-HDUEG,Female,0,No,No,1,Yes,Yes,Fiber optic,No,No,No,No,No,No,Month-to-month,Yes,Mailed check,75.05,75.05,1,1,75.05,2,1,0,1,1,New,0.8153148248446984,1,HIGH,Offer a longer-term contract with an incentive. Provide an early-tenure retention offer or onboarding support. Offer technical support or a support package.
0822-GAVAP,Female,0,No,No,2,No,No phone service,DSL,No,No,No,No,No,Yes,Month-to-month,Yes,Electronic check,34.7,62.25,1,2,31.125,1,1,0,1,0,New,0.7051129057178073,1,HIGH,Offer a longer-term contract with an incentive. Provide an early-tenure retention offer or onboarding support. Offer technical support or a support package.
1448-PWKYE,Male,0,Yes,Yes,1,Yes,No,Fiber optic,No,No,No,No,No,Yes,Month-to-month,No,Electronic check,80.0,80.0,1,1,80.0,2,0,0,1,1,New,0.8363573392155326,1,HIGH,Offer a longer-term contract with an incentive. Provide an early-tenure retention offer or onboarding support. Review pricing and offer a suitable plan or discount.
8040-MNRTF,Female,0,No,No,1,Yes,No,Fiber optic,No,No,No,No,No,No,Month-to-month,No,Mailed check,71.1,71.1,0,1,71.1,1,0,0,1,1,New,0.7345138885345648,1,HIGH,Offer a longer-term contract with an incentive. Provide an early-tenure retention offer or onboarding support. Offer technical support or a support package.
2276-YDAVZ,Female,0,No,No,3,Yes,Yes,Fiber optic,No,No,No,No,No,No,Month-to-month,Yes,Credit card (automatic),75.1,270.7,1,3,90.23333333333332,2,1,1,1,1,New,0.8059834430414927,1,HIGH,Offer a longer-term contract with an incentive. Provide an early-tenure retention offer or onboarding support. Offer technical support or a support package.
4952-YSOGZ,Female,0,Yes,Yes,4,Yes,Yes,Fiber optic,No,No,No,No,No,Yes,Month-to-month,Yes,Electronic check,85.95,381.3,1,4,95.325,3,1,0,1,1,New,0.8440867270862322,1,HIGH,Offer a longer-term contract with an incentive. Provide an early-tenure retention offer or onboarding support. Review pricing and offer a suitable plan or discount.
5138-WVKYJ,Male,0,No,No,10,Yes,Yes,Fiber optic,Yes,No,No,No,Yes,Yes,Month-to-month,No,Electronic check,98.55,1008.55,1,10,100.855,5,0,0,1,1,New,0.7271946850486041,1,HIGH,Offer a longer-term contract with an incentive. Provide an early-tenure retention offer or onboarding support. Review pricing and offer a suitable plan or discount.
6683-VLCTZ,Male,1,No,No,20,Yes,Yes,Fiber optic,No,No,Yes,No,Yes,Yes,Month-to-month,Yes,Electronic check,98.55,1842.8,1,20,92.14,5,1,0,0,1,Established,0.7995276882346138,1,HIGH,Offer a longer-term contract with an incentive. Review pricing and offer a suitable plan or discount. Offer technical support or a support package.
0236-HFWSV,Male,0,No,No,15,Yes,Yes,Fiber optic,No,No,No,No,Yes,Yes,Month-to-month,Yes,Electronic check,93.35,1444.65,1,15,96.31,4,1,0,0,1,Established,0.7110816265230027,1,HIGH,Offer a longer-term contract with an incentive. Review pricing and offer a suitable plan or discount. Offer technical support or a support package.
7314-OXENN,Male,0,No,No,2,Yes,Yes,Fiber optic,No,Yes,No,No,No,No,Month-to-month,Yes,Electronic check,82.0,184.65,1,2,92.325,3,1,0,1,1,New,0.8225418183486642,1,HIGH,Offer a longer-term contract with an incentive. Provide an early-tenure retention offer or onboarding support. Review pricing and offer a suitable plan or discount.
1450-GALXR,Female,0,No,No,10,Yes,Yes,Fiber optic,No,No,No,Yes,Yes,Yes,Month-to-month,Yes,Electronic check,98.5,1058.25,1,10,105.825,5,1,0,1,1,New,0.8566190519377155,1,HIGH,Offer a longer-term contract with an incentive. Provide an early-tenure retention offer or onboarding support. Review pricing and offer a suitable plan or discount.
1820-TQVEV,Male,0,No,No,1,Yes,No,Fiber optic,No,No,No,No,No,No,Month-to-month,Yes,Electronic check,69.55,69.55,1,1,69.55,1,1,0,1,0,New,0.8291181715869403,1,HIGH,Offer a longer-term contract with an incentive. Provide an early-tenure retention offer or onboarding support. Offer technical support or a support package.
6275-YDUVO,Female,0,No,No,2,Yes,No,Fiber optic,No,No,Yes,No,No,Yes,Month-to-month,Yes,Mailed check,86.2,178.7,1,2,89.35,3,1,0,1,1,New,0.7592552796150727,1,HIGH,Offer a longer-term contract with an incentive. Provide an early-tenure retention offer or onboarding support. Review pricing and offer a suitable plan or discount.
3643-AHCFP,Male,1,Yes,No,7,Yes,Yes,Fiber optic,No,No,No,No,Yes,Yes,Month-to-month,Yes,Bank transfer (automatic),95.6,644.35,1,7,92.05,4,1,1,1,1,New,0.8257268407059352,1,HIGH,Offer a longer-term contract with an incentive. Provide an early-tenure retention offer or onboarding support. Review pricing and offer a suitable plan or discount.
9231-ZJYAM,Female,1,No,No,4,Yes,No,Fiber optic,No,No,No,No,Yes,No,Month-to-month,Yes,Electronic check,78.85,292.8,1,4,73.2,2,1,0,1,1,New,0.7208045160614556,1,HIGH,Offer a longer-term contract with an incentive. Provide an early-tenure retention offer or onboarding support. Offer technical support or a support package.
3027-ZTDHO,Male,0,No,No,1,Yes,No,Fiber optic,No,No,No,No,Yes,Yes,Month-to-month,Yes,Electronic check,89.9,89.9,1,1,89.9,3,1,0,1,1,New,0.8486177176286561,1,HIGH,Offer a longer-term contract with an incentive. Provide an early-tenure retention offer or onboarding support. Review pricing and offer a suitable plan or discount.
9944-HKVVB,Female,0,No,No,3,Yes,No,Fiber optic,No,Yes,No,No,Yes,Yes,Month-to-month,Yes,Electronic check,95.1,307.4,1,3,102.46666666666664,4,1,0,1,1,New,0.7288657742573145,1,HIGH,Offer a longer-term contract with an incentive. Provide an early-tenure retention offer or onboarding support. Review pricing and offer a suitable plan or discount.
2123-AGEEN,Female,1,No,No,7,Yes,No,Fiber optic,No,No,Yes,No,Yes,No,Month-to-month,Yes,Electronic check,84.35,609.65,0,7,87.09285714285714,3,1,0,1,1,New,0.7027162702940234,1,HIGH,Offer a longer-term contract with an incentive. Provide an early-tenure retention offer or onboarding support. Review pricing and offer a suitable plan or discount.
4315-MURBD,Female,0,No,No,12,Yes,No,Fiber optic,Yes,No,No,Yes,Yes,Yes,Month-to-month,Yes,Bank transfer (automatic),98.9,1120.95,1,12,93.4125,5,1,1,1,1,New,0.728870687820178,1,HIGH,Offer a longer-term contract with an incentive. Provide an early-tenure retention offer or onboarding support. Review pricing and offer a suitable plan or discount.
9734-YWGEX,Female,0,No,No,9,Yes,Yes,Fiber optic,No,No,Yes,No,Yes,Yes,Month-to-month,No,Credit card (automatic),98.3,923.5,1,9,102.61111111111111,5,0,1,1,1,New,0.7529222356578427,1,HIGH,Offer a longer-term contract with an incentive. Provide an early-tenure retention offer or onboarding support. Review pricing and offer a suitable plan or discount.
0781-LKXBR,Male,1,No,No,9,Yes,Yes,Fiber optic,No,No,Yes,No,Yes,Yes,Month-to-month,Yes,Electronic check,100.5,918.6,1,9,102.06666666666666,5,1,0,1,1,New,0.8728104892860393,1,HIGH,Offer a longer-term contract with an incentive. Provide an early-tenure retention offer or onboarding support. Review pricing and offer a suitable plan or discount.
6513-EECDB,Male,1,Yes,No,1,Yes,Yes,Fiber optic,No,No,No,No,No,No,Month-to-month,Yes,Electronic check,73.55,73.55,1,1,73.55,2,1,0,1,1,New,0.8752570988624021,1,HIGH,Offer a longer-term contract with an incentive. Provide an early-tenure retention offer or onboarding support. Offer technical support or a support package.
7074-IEVOJ,Female,1,No,No,3,Yes,Yes,Fiber optic,No,Yes,No,No,No,No,Month-to-month,Yes,Electronic check,79.4,205.05,1,3,68.35000000000001,3,1,0,1,1,New,0.7325318367043734,1,HIGH,Offer a longer-term contract with an incentive. Provide an early-tenure retention offer or onboarding support. Offer technical support or a support package.
4750-ZRXIU,Female,1,No,No,4,Yes,Yes,Fiber optic,No,No,No,No,No,Yes,Month-to-month,Yes,Electronic check,84.6,360.1,1,4,90.025,3,1,0,1,1,New,0.8666037735507605,1,HIGH,Offer a longer-term contract with an incentive. Provide an early-tenure retention offer or onboarding support. Review pricing and offer a suitable plan or discount.
6630-UJZMY,Female,1,Yes,No,4,Yes,Yes,Fiber optic,No,No,No,No,Yes,No,Month-to-month,Yes,Electronic check,83.25,308.05,0,4,77.0125,3,1,0,1,1,New,0.7839967685257436,1,HIGH,Offer a longer-term contract with an incentive. Provide an early-tenure retention offer or onboarding support. Review pricing and offer a suitable plan or discount.
3158-MOERK,Female,0,No,No,2,Yes,Yes,Fiber optic,No,No,No,No,Yes,Yes,Month-to-month,Yes,Electronic check,96.0,174.8,1,2,87.4,4,1,0,1,1,New,0.8460801130833664,1,HIGH,Offer a longer-term contract with an incentive. Provide an early-tenure retention offer or onboarding support. Review pricing and offer a suitable plan or discount.
7294-TMAOP,Female,0,No,No,1,Yes,No,Fiber optic,No,No,No,No,Yes,Yes,Month-to-month,No,Electronic check,90.55,90.55,1,1,90.55,3,0,0,1,1,New,0.8459287166912011,1,HIGH,Offer a longer-term contract with an incentive. Provide an early-tenure retention offer or onboarding support. Review pricing and offer a suitable plan or discount.
5875-YPQFJ,Male,0,No,No,1,Yes,No,Fiber optic,No,No,No,No,No,No,Month-to-month,Yes,Electronic check,69.9,69.9,1,1,69.9,1,1,0,1,0,New,0.8291181715869403,1,HIGH,Offer a longer-term contract with an incentive. Provide an early-tenure retention offer or onboarding support. Offer technical support or a support package.
8603-IJWDN,Male,0,No,No,1,Yes,Yes,Fiber optic,No,No,No,No,No,Yes,Month-to-month,Yes,Electronic check,86.6,86.6,1,1,86.6,3,1,0,1,1,New,0.8713862075212897,1,HIGH,Offer a longer-term contract with an incentive. Provide an early-tenure retention offer or onboarding support. Review pricing and offer a suitable plan or discount.
1374-DMZUI,Female,1,No,No,4,Yes,Yes,Fiber optic,No,No,No,No,Yes,Yes,Month-to-month,Yes,Electronic check,94.3,424.45,1,4,106.1125,4,1,0,1,1,New,0.8691572825708288,1,HIGH,Offer a longer-term contract with an incentive. Provide an early-tenure retention offer or onboarding support. Review pricing and offer a suitable plan or discount.
8357-EQXFO,Female,0,No,No,7,Yes,No,Fiber optic,No,No,Yes,No,Yes,Yes,Month-to-month,Yes,Electronic check,95.35,660.9,1,7,94.41428571428573,4,1,0,1,1,New,0.8272588446118587,1,HIGH,Offer a longer-term contract with an incentive. Provide an early-tenure retention offer or onboarding support. Review pricing and offer a suitable plan or discount.
4822-RVYBB,Male,1,No,No,8,Yes,Yes,Fiber optic,No,No,Yes,No,Yes,Yes,Month-to-month,Yes,Electronic check,100.6,819.4,1,8,102.425,5,1,0,1,1,New,0.8728104892860393,1,HIGH,Offer a longer-term contract with an incentive. Provide an early-tenure retention offer or onboarding support. Review pricing and offer a suitable plan or discount.
4145-UQXUQ,Female,1,No,No,8,Yes,No,Fiber optic,No,No,Yes,No,Yes,Yes,Month-to-month,Yes,Electronic check,92.1,729.95,1,8,91.24375,4,1,0,1,1,New,0.7273279450921354,1,HIGH,Offer a longer-term contract with an incentive. Provide an early-tenure retention offer or onboarding support. Review pricing and offer a suitable plan or discount.
2074-GKOWZ,Male,0,Yes,Yes,2,Yes,No,Fiber optic,No,No,No,No,Yes,Yes,Month-to-month,Yes,Bank transfer (automatic),89.55,185.55,1,2,92.775,3,1,1,1,1,New,0.7972133369085025,1,HIGH,Offer a longer-term contract with an incentive. Provide an early-tenure retention offer or onboarding support. Review pricing and offer a suitable plan or discount.
0655-RBDUG,Male,0,No,No,7,Yes,Yes,Fiber optic,No,No,Yes,No,Yes,Yes,Month-to-month,Yes,Bank transfer (automatic),98.05,713.0,1,7,101.85714285714286,5,1,1,1,1,New,0.8742680401077245,1,HIGH,Offer a longer-term contract with an incentive. Provide an early-tenure retention offer or onboarding support. Review pricing and offer a suitable plan or discount.
9878-TNQGW,Male,0,No,No,2,Yes,No,Fiber optic,No,No,No,No,No,Yes,Month-to-month,Yes,Electronic check,80.95,171.15,1,2,85.575,2,1,0,1,1,New,0.7333197548108019,1,HIGH,Offer a longer-term contract with an incentive. Provide an early-tenure retention offer or onboarding support. Review pricing and offer a suitable plan or discount.
7439-DKZTW,Male,0,No,No,1,Yes,No,Fiber optic,No,No,No,No,Yes,No,Month-to-month,Yes,Electronic check,80.55,80.55,0,1,80.55,2,1,0,1,1,New,0.8666625296448225,1,HIGH,Offer a longer-term contract with an incentive. Provide an early-tenure retention offer or onboarding support. Review pricing and offer a suitable plan or discount.
5293-WXJAK,Female,1,Yes,No,11,Yes,Yes,Fiber optic,No,No,Yes,Yes,Yes,Yes,Month-to-month,Yes,Bank transfer (automatic),104.05,1133.65,1,11,103.05909090909093,6,1,1,1,1,New,0.836354480340723,1,HIGH,Offer a longer-term contract with an incentive. Provide an early-tenure retention offer or onboarding support. Review pricing and offer a suitable plan or discount.
0841-NULXI,Male,0,No,No,1,No,No phone service,DSL,No,No,No,No,No,Yes,Month-to-month,Yes,Electronic check,35.55,35.55,1,1,35.55,1,1,0,1,0,New,0.753832359414594,1,HIGH,Offer a longer-term contract with an incentive. Provide an early-tenure retention offer or onboarding support. Offer technical support or a support package.
7851-WZEKY,Female,0,No,No,2,Yes,Yes,Fiber optic,No,No,No,No,Yes,Yes,Month-to-month,Yes,Electronic check,95.15,196.9,1,2,98.45,4,1,0,1,1,New,0.8615310993794968,1,HIGH,Offer a longer-term contract with an incentive. Provide an early-tenure retention offer or onboarding support. Review pricing and offer a suitable plan or discount.
3992-YWPKO,Female,0,No,No,6,Yes,Yes,Fiber optic,No,Yes,Yes,Yes,Yes,Yes,Month-to-month,Yes,Credit card (automatic),109.9,669.45,1,6,111.575,7,1,1,1,1,New,0.8067068154803292,1,HIGH,Offer a longer-term contract with an incentive. Provide an early-tenure retention offer or onboarding support. Review pricing and offer a suitable plan or discount.
5673-FSSMF,Female,0,No,No,1,Yes,Yes,DSL,No,No,No,No,No,Yes,Month-to-month,Yes,Electronic check,60.15,60.15,1,1,60.15,3,1,0,1,0,New,0.7432690193204124,1,HIGH,Offer a longer-term contract with an incentive. Provide an early-tenure retention offer or onboarding support. Offer technical support or a support package.
1579-KLYDT,Male,0,No,No,7,Yes,Yes,Fiber optic,No,No,Yes,No,Yes,No,Month-to-month,Yes,Electronic check,90.45,593.45,1,7,84.77857142857144,4,1,0,1,1,New,0.8109930792989631,1,HIGH,Offer a longer-term contract with an incentive. Provide an early-tenure retention offer or onboarding support. Review pricing and offer a suitable plan or discount.
6358-LYNGM,Male,0,No,No,1,Yes,Yes,Fiber optic,No,No,No,No,No,No,Month-to-month,Yes,Electronic check,74.9,74.9,1,1,74.9,2,1,0,1,1,New,0.8688546371444651,1,HIGH,Offer a longer-term contract with an incentive. Provide an early-tenure retention offer or onboarding support. Offer technical support or a support package.
5494-HECPR,Female,0,No,No,1,Yes,No,Fiber optic,No,No,No,No,Yes,No,Month-to-month,Yes,Electronic check,80.25,80.25,1,1,80.25,2,1,0,1,1,New,0.8882197262922058,1,HIGH,Offer a longer-term contract with an incentive. Provide an early-tenure retention offer or onboarding support. Review pricing and offer a suitable plan or discount.
9897-KXHCM,Female,0,Yes,Yes,3,Yes,No,Fiber optic,No,No,No,No,No,Yes,Month-to-month,Yes,Electronic check,80.3,250.05,1,3,83.35000000000001,2,1,0,1,1,New,0.7224534201547816,1,HIGH,Offer a longer-term contract with an incentive. Provide an early-tenure retention offer or onboarding support. Review pricing and offer a suitable plan or discount.
1618-CFHME,Female,0,No,No,2,Yes,Yes,Fiber optic,No,No,No,No,No,No,Month-to-month,Yes,Electronic check,75.9,143.35,1,2,71.675,2,1,0,1,1,New,0.7711621523513077,1,HIGH,Offer a longer-term contract with an incentive. Provide an early-tenure retention offer or onboarding support. Offer technical support or a support package.
5835-BEQEU,Male,0,No,No,3,Yes,Yes,Fiber optic,No,No,No,No,No,No,Month-to-month,Yes,Electronic check,76.95,228.4,1,3,76.13333333333334,2,1,0,1,1,New,0.7903405061258019,1,HIGH,Offer a longer-term contract with an incentive. Provide an early-tenure retention offer or onboarding support. Offer technical support or a support package.
5565-FILXA,Female,1,No,No,16,Yes,Yes,Fiber optic,No,No,No,No,Yes,Yes,Month-to-month,Yes,Electronic check,96.15,1529.2,1,16,95.575,4,1,0,0,1,Established,0.7709456837045846,1,HIGH,Offer a longer-term contract with an incentive. Review pricing and offer a suitable plan or discount. Offer technical support or a support package.
7595-EUIVN,Female,0,No,No,1,Yes,No,Fiber optic,No,Yes,No,No,No,No,Month-to-month,No,Electronic check,75.8,75.8,1,1,75.8,2,0,0,1,1,New,0.8350703005353031,1,HIGH,Offer a longer-term contract with an incentive. Provide an early-tenure retention offer or onboarding support. Offer technical support or a support package.
9134-CEQMF,Male,1,Yes,No,7,Yes,No,Fiber optic,No,No,No,No,Yes,Yes,Month-to-month,Yes,Electronic check,89.5,676.7,1,7,96.67142857142858,3,1,0,1,1,New,0.7685002945116384,1,HIGH,Offer a longer-term contract with an incentive. Provide an early-tenure retention offer or onboarding support. Review pricing and offer a suitable plan or discount.
7206-GZCDC,Female,1,No,No,1,Yes,No,Fiber optic,No,No,No,No,No,No,Month-to-month,Yes,Electronic check,69.25,69.25,1,1,69.25,1,1,0,1,0,New,0.8467570949823149,1,HIGH,Offer a longer-term contract with an incentive. Provide an early-tenure retention offer or onboarding support. Offer technical support or a support package.
1768-ZAIFU,Female,1,No,No,1,No,No phone service,DSL,No,No,No,No,No,No,Month-to-month,Yes,Electronic check,25.2,25.2,1,1,25.2,0,1,0,1,0,New,0.8071937403712013,1,HIGH,Offer a longer-term contract with an incentive. Provide an early-tenure retention offer or onboarding support. Offer technical support or a support package.
7943-RQCHR,Female,0,No,No,9,Yes,Yes,Fiber optic,No,No,No,No,Yes,Yes,Month-to-month,Yes,Electronic check,94.75,889.9,1,9,98.87777777777778,4,1,0,1,1,New,0.8294260006246014,1,HIGH,Offer a longer-term contract with an incentive. Provide an early-tenure retention offer or onboarding support. Review pricing and offer a suitable plan or discount.
3793-MMFUH,Female,1,No,No,13,Yes,Yes,Fiber optic,No,No,No,No,Yes,Yes,Month-to-month,Yes,Electronic check,95.05,1290.0,1,13,99.23076923076924,4,1,0,0,1,Established,0.7846807737912732,1,HIGH,Offer a longer-term contract with an incentive. Review pricing and offer a suitable plan or discount. Offer technical support or a support package.
7249-WBIYX,Male,0,Yes,No,10,Yes,Yes,Fiber optic,No,No,No,No,Yes,No,Month-to-month,Yes,Electronic check,85.6,813.85,1,10,81.385,3,1,0,1,1,New,0.7719739041478827,1,HIGH,Offer a longer-term contract with an incentive. Provide an early-tenure retention offer or onboarding support. Review pricing and offer a suitable plan or discount.
6567-HOOPW,Female,1,No,No,1,Yes,No,Fiber optic,No,No,No,No,Yes,No,Month-to-month,Yes,Electronic check,79.2,79.2,1,1,79.2,2,1,0,1,1,New,0.8908053255513295,1,HIGH,Offer a longer-term contract with an incentive. Provide an early-tenure retention offer or onboarding support. Offer technical support or a support package.
5419-CONWX,Female,1,No,No,4,Yes,No,Fiber optic,No,Yes,Yes,No,Yes,Yes,Month-to-month,Yes,Credit card (automatic),99.8,442.85,1,4,110.7125,5,1,1,1,1,New,0.7412379181067819,1,HIGH,Offer a longer-term contract with an incentive. Provide an early-tenure retention offer or onboarding support. Review pricing and offer a suitable plan or discount.
6960-HVYXR,Female,0,No,No,1,Yes,Yes,Fiber optic,No,No,No,No,No,No,Month-to-month,No,Electronic check,76.0,76.0,1,1,76.0,2,0,0,1,1,New,0.875998202539836,1,HIGH,Offer a longer-term contract with an incentive. Provide an early-tenure retention offer or onboarding support. Offer technical support or a support package.
7024-OHCCK,Female,1,No,No,2,Yes,Yes,Fiber optic,No,No,No,No,Yes,Yes,Month-to-month,Yes,Electronic check,93.85,170.85,1,2,85.425,4,1,0,1,1,New,0.8743049749898062,1,HIGH,Offer a longer-term contract with an incentive. Provide an early-tenure retention offer or onboarding support. Review pricing and offer a suitable plan or discount.
5357-TZHPP,Male,1,No,No,9,Yes,Yes,Fiber optic,No,No,No,No,No,Yes,Month-to-month,Yes,Credit card (automatic),84.4,732.5,1,9,81.38888888888889,3,1,1,1,1,New,0.75376826860905,1,HIGH,Offer a longer-term contract with an incentive. Provide an early-tenure retention offer or onboarding support. Review pricing and offer a suitable plan or discount.
0680-DFNNY,Male,0,Yes,No,15,Yes,Yes,Fiber optic,No,No,Yes,No,Yes,Yes,Month-to-month,Yes,Electronic check,101.1,1504.05,1,15,100.27,5,1,0,0,1,Established,0.7799123881182861,1,HIGH,Offer a longer-term contract with an incentive. Review pricing and offer a suitable plan or discount. Offer technical support or a support package.
7767-UXAGJ,Male,0,No,No,1,Yes,Yes,DSL,No,No,No,No,No,No,Month-to-month,Yes,Electronic check,50.45,50.45,1,1,50.45,2,1,0,1,0,New,0.7340361685019952,1,HIGH,Offer a longer-term contract with an incentive. Provide an early-tenure retention offer or onboarding support. Offer technical support or a support package.
1571-SAVHK,Male,0,No,No,12,Yes,Yes,Fiber optic,No,No,No,Yes,Yes,Yes,Month-to-month,Yes,Mailed check,99.95,1132.75,1,12,94.39583333333331,5,1,0,1,1,New,0.85523261907838,1,HIGH,Offer a longer-term contract with an incentive. Provide an early-tenure retention offer or onboarding support. Review pricing and offer a suitable plan or discount.
9546-CQJSU,Female,0,No,No,2,Yes,Yes,Fiber optic,No,No,Yes,No,Yes,No,Month-to-month,Yes,Electronic check,91.4,193.6,1,2,96.8,4,1,0,1,1,New,0.8624704199635859,1,HIGH,Offer a longer-term contract with an incentive. Provide an early-tenure retention offer or onboarding support. Review pricing and offer a suitable plan or discount.
3473-XIIIT,Female,0,Yes,No,16,Yes,Yes,Fiber optic,No,Yes,No,No,Yes,Yes,Month-to-month,Yes,Electronic check,100.0,1534.75,1,16,95.921875,5,1,0,0,1,Established,0.7181232068321047,1,HIGH,Offer a longer-term contract with an incentive. Review pricing and offer a suitable plan or discount. Offer technical support or a support package.
2952-QAYZF,Male,0,No,No,5,Yes,Yes,Fiber optic,No,Yes,Yes,No,No,No,Month-to-month,Yes,Electronic check,85.3,424.15,1,5,84.83,4,1,0,1,1,New,0.8330534061782692,1,HIGH,Offer a longer-term contract with an incentive. Provide an early-tenure retention offer or onboarding support. Review pricing and offer a suitable plan or discount.
7079-QRCBC,Female,0,No,No,24,Yes,Yes,Fiber optic,No,No,Yes,No,Yes,Yes,Month-to-month,Yes,Electronic check,98.75,2407.3,1,24,100.30416666666667,5,1,0,0,1,Established,0.7526737515959063,1,HIGH,Offer a longer-term contract with an incentive. Review pricing and offer a suitable plan or discount. Offer technical support or a support package.
9809-IMGCQ,Male,1,No,No,22,Yes,Yes,Fiber optic,No,No,No,No,Yes,Yes,Month-to-month,Yes,Electronic check,96.7,2082.95,1,22,94.67954545454543,4,1,0,0,1,Established,0.7237082679602213,1,HIGH,Offer a longer-term contract with an incentive. Review pricing and offer a suitable plan or discount. Offer technical support or a support package.
5240-IJOQT,Male,1,No,No,1,Yes,Yes,Fiber optic,No,No,No,No,No,No,Month-to-month,Yes,Electronic check,74.7,74.7,1,1,74.7,2,1,0,1,1,New,0.8752570988624021,1,HIGH,Offer a longer-term contract with an incentive. Provide an early-tenure retention offer or onboarding support. Offer technical support or a support package.
0661-XEYAN,Female,1,No,No,1,No,No phone service,DSL,No,No,No,No,No,No,Month-to-month,Yes,Mailed check,25.8,25.8,1,1,25.8,0,1,0,1,0,New,0.7367645262904615,1,HIGH,Offer a longer-term contract with an incentive. Provide an early-tenure retention offer or onboarding support. Offer technical support or a support package.
6326-MTTXK,Male,0,No,No,8,Yes,Yes,Fiber optic,No,Yes,No,No,Yes,Yes,Month-to-month,No,Electronic check,100.85,819.55,1,8,102.44375,5,0,0,1,1,New,0.7095382743776805,1,HIGH,Offer a longer-term contract with an incentive. Provide an early-tenure retention offer or onboarding support. Review pricing and offer a suitable plan or discount.
9957-YODKZ,Male,1,Yes,No,6,Yes,Yes,Fiber optic,No,No,Yes,No,No,No,Month-to-month,Yes,Electronic check,80.8,457.1,0,6,76.18333333333334,3,1,0,1,1,New,0.7778320006792091,1,HIGH,Offer a longer-term contract with an incentive. Provide an early-tenure retention offer or onboarding support. Review pricing and offer a suitable plan or discount.
1157-BQCUW,Male,0,No,No,1,Yes,Yes,Fiber optic,No,No,No,No,No,No,Month-to-month,Yes,Electronic check,74.95,74.95,1,1,74.95,2,1,0,1,1,New,0.8688546371444651,1,HIGH,Offer a longer-term contract with an incentive. Provide an early-tenure retention offer or onboarding support. Offer technical support or a support package.
2660-EMUBI,Male,1,No,No,10,Yes,Yes,Fiber optic,No,No,No,No,Yes,Yes,Month-to-month,Yes,Electronic check,95.35,898.35,1,10,89.83500000000001,4,1,0,1,1,New,0.837552512773662,1,HIGH,Offer a longer-term contract with an incentive. Provide an early-tenure retention offer or onboarding support. Review pricing and offer a suitable plan or discount.
3292-PBZEJ,Male,1,No,No,11,Yes,Yes,Fiber optic,No,Yes,Yes,Yes,Yes,Yes,Month-to-month,Yes,Electronic check,111.4,1183.05,0,11,107.55,7,1,0,1,1,New,0.7050729085838288,1,HIGH,Offer a longer-term contract with an incentive. Provide an early-tenure retention offer or onboarding support. Review pricing and offer a suitable plan or discount.
3068-OMWZA,Male,1,No,No,1,Yes,Yes,Fiber optic,No,No,Yes,No,Yes,No,Month-to-month,Yes,Electronic check,88.8,88.8,1,1,88.8,4,1,0,1,1,New,0.8762677342050517,1,HIGH,Offer a longer-term contract with an incentive. Provide an early-tenure retention offer or onboarding support. Review pricing and offer a suitable plan or discount.
3049-NDXFL,Female,0,No,No,1,Yes,Yes,Fiber optic,No,No,No,No,No,Yes,Month-to-month,No,Mailed check,85.8,85.8,1,1,85.8,3,0,0,1,1,New,0.8127916139903777,1,HIGH,Offer a longer-term contract with an incentive. Provide an early-tenure retention offer or onboarding support. Review pricing and offer a suitable plan or discount.
8580-AECUZ,Male,1,No,No,1,Yes,No,Fiber optic,No,No,No,No,Yes,No,Month-to-month,Yes,Electronic check,79.1,79.1,1,1,79.1,2,1,0,1,1,New,0.8885501833027775,1,HIGH,Offer a longer-term contract with an incentive. Provide an early-tenure retention offer or onboarding support. Offer technical support or a support package.
0375-HVGXO,Female,0,No,No,1,No,No phone service,DSL,No,No,No,No,Yes,No,Month-to-month,Yes,Electronic check,34.7,34.7,1,1,34.7,1,1,0,1,0,New,0.7858191899659547,1,HIGH,Offer a longer-term contract with an incentive. Provide an early-tenure retention offer or onboarding support. Offer technical support or a support package.
8593-WHYHV,Male,0,No,No,3,Yes,Yes,Fiber optic,No,No,No,No,No,Yes,Month-to-month,Yes,Electronic check,85.3,264.8,1,3,88.26666666666667,3,1,0,1,1,New,0.8574665783503836,1,HIGH,Offer a longer-term contract with an incentive. Provide an early-tenure retention offer or onboarding support. Review pricing and offer a suitable plan or discount.
0107-YHINA,Male,0,No,Yes,1,Yes,Yes,Fiber optic,No,No,Yes,No,Yes,Yes,Month-to-month,Yes,Electronic check,99.75,99.75,1,1,99.75,5,1,0,1,1,New,0.9067013041548421,1,HIGH,Offer a longer-term contract with an incentive. Provide an early-tenure retention offer or onboarding support. Review pricing and offer a suitable plan or discount.
6435-SRWBJ,Female,0,No,No,5,Yes,Yes,Fiber optic,No,No,Yes,Yes,No,No,Month-to-month,Yes,Electronic check,82.75,417.75,0,5,83.55,4,1,0,1,1,New,0.7391969909183455,1,HIGH,Offer a longer-term contract with an incentive. Provide an early-tenure retention offer or onboarding support. Review pricing and offer a suitable plan or discount.
6407-UTSLV,Female,1,No,No,2,Yes,No,Fiber optic,No,Yes,No,No,Yes,No,Month-to-month,Yes,Bank transfer (automatic),83.8,163.7,0,2,81.85,3,1,1,1,1,New,0.721007640734639,1,HIGH,Offer a longer-term contract with an incentive. Provide an early-tenure retention offer or onboarding support. Review pricing and offer a suitable plan or discount.
7398-SKNQZ,Female,0,Yes,No,3,Yes,Yes,Fiber optic,No,No,No,No,Yes,Yes,Month-to-month,No,Electronic check,94.9,273.2,0,3,91.06666666666666,4,0,0,1,1,New,0.7657949680512312,1,HIGH,Offer a longer-term contract with an incentive. Provide an early-tenure retention offer or onboarding support. Review pricing and offer a suitable plan or discount.
3877-JRJIP,Male,0,No,No,1,Yes,Yes,DSL,No,No,No,No,Yes,No,Month-to-month,Yes,Electronic check,59.85,59.85,1,1,59.85,3,1,0,1,0,New,0.7343578639024516,1,HIGH,Offer a longer-term contract with an incentive. Provide an early-tenure retention offer or onboarding support. Offer technical support or a support package.
8375-DKEBR,Female,1,No,No,1,Yes,No,Fiber optic,No,No,No,No,No,No,Month-to-month,Yes,Electronic check,69.6,69.6,1,1,69.6,1,1,0,1,0,New,0.8467570949823149,1,HIGH,Offer a longer-term contract with an incentive. Provide an early-tenure retention offer or onboarding support. Offer technical support or a support package.
9804-ICWBG,Male,0,No,No,1,Yes,No,Fiber optic,No,No,No,No,No,No,Month-to-month,Yes,Electronic check,69.9,69.9,1,1,69.9,1,1,0,1,0,New,0.8291181715869403,1,HIGH,Offer a longer-term contract with an incentive. Provide an early-tenure retention offer or onboarding support. Offer technical support or a support package.
5318-IXUZF,Female,0,No,No,2,Yes,No,Fiber optic,No,Yes,No,No,Yes,No,Month-to-month,Yes,Bank transfer (automatic),87.15,183.75,1,2,91.875,3,1,1,1,1,New,0.7771682317701052,1,HIGH,Offer a longer-term contract with an incentive. Provide an early-tenure retention offer or onboarding support. Review pricing and offer a suitable plan or discount.
3198-VELRD,Female,0,Yes,Yes,3,Yes,Yes,Fiber optic,No,No,No,No,No,Yes,Month-to-month,Yes,Bank transfer (automatic),84.75,264.85,1,3,88.28333333333335,3,1,1,1,1,New,0.7971292438964448,1,HIGH,Offer a longer-term contract with an incentive. Provide an early-tenure retention offer or onboarding support. Review pricing and offer a suitable plan or discount.
8380-PEFPE,Male,0,No,Yes,1,Yes,No,Fiber optic,No,No,No,No,No,No,Month-to-month,Yes,Electronic check,71.65,71.65,1,1,71.65,1,1,0,1,1,New,0.8204017750913208,1,HIGH,Offer a longer-term contract with an incentive. Provide an early-tenure retention offer or onboarding support. Offer technical support or a support package.
9172-ANCRX,Female,0,No,No,10,Yes,Yes,Fiber optic,Yes,No,No,No,Yes,Yes,Month-to-month,Yes,Electronic check,98.7,973.25,1,10,97.325,5,1,0,1,1,New,0.7930657098135021,1,HIGH,Offer a longer-term contract with an incentive. Provide an early-tenure retention offer or onboarding support. Review pricing and offer a suitable plan or discount.
6910-HADCM,Female,0,No,No,1,Yes,No,Fiber optic,No,No,Yes,No,No,No,Month-to-month,No,Electronic check,76.35,76.35,1,1,76.35,2,0,0,1,1,New,0.8582108017163967,1,HIGH,Offer a longer-term contract with an incentive. Provide an early-tenure retention offer or onboarding support. Offer technical support or a support package.
2485-ITVKB,Female,0,Yes,No,2,No,No phone service,DSL,No,No,No,No,No,Yes,Month-to-month,Yes,Electronic check,35.1,68.75,1,2,34.375,1,1,0,1,0,New,0.7051129057178073,1,HIGH,Offer a longer-term contract with an incentive. Provide an early-tenure retention offer or onboarding support. Offer technical support or a support package.
6702-OHFWR,Male,1,No,No,1,No,No phone service,DSL,No,Yes,Yes,No,No,Yes,Month-to-month,Yes,Electronic check,43.3,43.3,1,1,43.3,3,1,0,1,0,New,0.8419240842051817,1,HIGH,Offer a longer-term contract with an incentive. Provide an early-tenure retention offer or onboarding support. Offer technical support or a support package.
3494-JCHRQ,Male,0,No,No,1,Yes,No,Fiber optic,No,No,No,No,No,No,Month-to-month,Yes,Electronic check,70.05,70.05,1,1,70.05,1,1,0,1,0,New,0.8206655655420206,1,HIGH,Offer a longer-term contract with an incentive. Provide an early-tenure retention offer or onboarding support. Offer technical support or a support package.
6474-FVJLC,Male,0,No,No,2,Yes,Yes,Fiber optic,No,No,No,No,No,Yes,Month-to-month,Yes,Electronic check,86.0,165.45,1,2,82.725,3,1,0,1,1,New,0.8103392311708051,1,HIGH,Offer a longer-term contract with an incentive. Provide an early-tenure retention offer or onboarding support. Review pricing and offer a suitable plan or discount.
3318-NMQXL,Male,0,No,No,3,Yes,No,Fiber optic,No,No,No,No,Yes,Yes,Month-to-month,Yes,Electronic check,92.0,266.8,0,3,88.93333333333334,3,1,0,1,1,New,0.7130276716858894,1,HIGH,Offer a longer-term contract with an incentive. Provide an early-tenure retention offer or onboarding support. Review pricing and offer a suitable plan or discount.
2018-QKYGT,Male,0,Yes,Yes,1,Yes,No,Fiber optic,No,No,No,No,No,Yes,Month-to-month,Yes,Electronic check,81.05,81.05,0,1,81.05,2,1,0,1,1,New,0.8615081461882326,1,HIGH,Offer a longer-term contract with an incentive. Provide an early-tenure retention offer or onboarding support. Review pricing and offer a suitable plan or discount.
5054-IEXZT,Male,0,No,Yes,1,Yes,No,Fiber optic,No,Yes,No,No,No,No,Month-to-month,Yes,Electronic check,75.35,75.35,1,1,75.35,2,1,0,1,1,New,0.7980614978700117,1,HIGH,Offer a longer-term contract with an incentive. Provide an early-tenure retention offer or onboarding support. Offer technical support or a support package.
5834-ASPWA,Male,0,No,No,1,Yes,Yes,Fiber optic,No,No,No,No,No,No,Month-to-month,Yes,Electronic check,75.45,75.45,1,1,75.45,2,1,0,1,1,New,0.8688546371444651,1,HIGH,Offer a longer-term contract with an incentive. Provide an early-tenure retention offer or onboarding support. Offer technical support or a support package.
9497-QCMMS,Male,1,No,No,1,Yes,Yes,Fiber optic,No,No,No,No,Yes,Yes,Month-to-month,Yes,Electronic check,93.55,93.55,1,1,93.55,4,1,0,1,1,New,0.9214318792663855,1,HIGH,Offer a longer-term contract with an incentive. Provide an early-tenure retention offer or onboarding support. Review pricing and offer a suitable plan or discount.
8000-REIQB,Female,1,No,No,1,Yes,No,Fiber optic,No,No,No,No,No,No,Month-to-month,Yes,Electronic check,69.95,69.95,1,1,69.95,1,1,0,1,0,New,0.8390075751705757,1,HIGH,Offer a longer-term contract with an incentive. Provide an early-tenure retention offer or onboarding support. Offer technical support or a support package.
8086-OVPWV,Male,0,No,No,2,Yes,No,Fiber optic,No,No,No,No,No,Yes,Month-to-month,Yes,Electronic check,80.2,181.1,1,2,90.55,2,1,0,1,1,New,0.764064917499227,1,HIGH,Offer a longer-term contract with an incentive. Provide an early-tenure retention offer or onboarding support. Review pricing and offer a suitable plan or discount.
4795-KTRTH,Female,1,Yes,No,5,Yes,Yes,Fiber optic,No,Yes,No,No,No,No,Month-to-month,Yes,Electronic check,81.0,371.65,1,5,74.33,3,1,0,1,1,New,0.7448715971882515,1,HIGH,Offer a longer-term contract with an incentive. Provide an early-tenure retention offer or onboarding support. Review pricing and offer a suitable plan or discount.
8775-ERLNB,Male,1,Yes,No,1,Yes,Yes,Fiber optic,No,No,No,No,No,No,Month-to-month,No,Electronic check,74.3,74.3,0,1,74.3,2,0,0,1,1,New,0.8426978925717801,1,HIGH,Offer a longer-term contract with an incentive. Provide an early-tenure retention offer or onboarding support. Offer technical support or a support package.
8309-IEYJD,Female,1,No,No,1,Yes,No,Fiber optic,No,No,No,No,No,No,Month-to-month,Yes,Mailed check,70.6,70.6,0,1,70.6,1,1,0,1,1,New,0.7921896615742222,1,HIGH,Offer a longer-term contract with an incentive. Provide an early-tenure retention offer or onboarding support. Offer technical support or a support package.
9734-UYXQI,Female,0,No,No,2,Yes,Yes,DSL,No,No,No,No,No,No,Month-to-month,Yes,Electronic check,49.4,106.55,1,2,53.275,2,1,0,1,0,New,0.7074920402837855,1,HIGH,Offer a longer-term contract with an incentive. Provide an early-tenure retention offer or onboarding support. Offer technical support or a support package.
6356-ELRKD,Female,0,No,No,1,Yes,No,Fiber optic,Yes,No,No,No,Yes,Yes,Month-to-month,Yes,Electronic check,95.6,95.6,1,1,95.6,4,1,0,1,1,New,0.817595300204952,1,HIGH,Offer a longer-term contract with an incentive. Provide an early-tenure retention offer or onboarding support. Review pricing and offer a suitable plan or discount.
3177-LASXD,Female,0,No,No,1,Yes,No,Fiber optic,No,No,No,No,No,No,Month-to-month,No,Electronic check,71.35,71.35,1,1,71.35,1,0,0,1,1,New,0.7730728067473597,1,HIGH,Offer a longer-term contract with an incentive. Provide an early-tenure retention offer or onboarding support. Offer technical support or a support package.
1084-UQCHV,Male,0,No,Yes,1,Yes,No,Fiber optic,No,No,No,No,No,No,Month-to-month,No,Bank transfer (automatic),69.75,69.75,1,1,69.75,1,0,1,1,0,New,0.7177144858858046,1,HIGH,Offer a longer-term contract with an incentive. Provide an early-tenure retention offer or onboarding support. Offer technical support or a support package.
9300-RENDD,Male,0,No,No,1,Yes,No,Fiber optic,No,No,No,No,Yes,No,Month-to-month,Yes,Electronic check,79.95,79.95,1,1,79.95,2,1,0,1,1,New,0.8800981931339517,1,HIGH,Offer a longer-term contract with an incentive. Provide an early-tenure retention offer or onboarding support. Offer technical support or a support package.
8087-LGYHQ,Male,0,No,No,9,Yes,No,Fiber optic,No,No,Yes,No,Yes,Yes,Month-to-month,Yes,Electronic check,94.05,811.65,0,9,90.18333333333334,4,1,0,1,1,New,0.7056065962730486,1,HIGH,Offer a longer-term contract with an incentive. Provide an early-tenure retention offer or onboarding support. Review pricing and offer a suitable plan or discount.
9787-XVQIU,Male,0,No,No,1,Yes,Yes,Fiber optic,No,No,No,No,No,No,Month-to-month,Yes,Electronic check,75.3,75.3,1,1,75.3,2,1,0,1,1,New,0.8688546371444651,1,HIGH,Offer a longer-term contract with an incentive. Provide an early-tenure retention offer or onboarding support. Offer technical support or a support package.
8051-HJRLT,Female,1,No,No,1,Yes,No,Fiber optic,No,No,No,No,No,No,Month-to-month,Yes,Electronic check,70.55,70.55,1,1,70.55,1,1,0,1,1,New,0.8165343677373056,1,HIGH,Offer a longer-term contract with an incentive. Provide an early-tenure retention offer or onboarding support. Offer technical support or a support package.
0248-IPDFW,Female,0,No,No,1,Yes,Yes,DSL,No,No,No,No,No,No,Month-to-month,Yes,Electronic check,50.1,50.1,0,1,50.1,2,1,0,1,0,New,0.7076395581794039,1,HIGH,Offer a longer-term contract with an incentive. Provide an early-tenure retention offer or onboarding support. Offer technical support or a support package.
5159-YFPKQ,Female,0,No,No,2,Yes,No,Fiber optic,No,No,Yes,No,No,No,Month-to-month,Yes,Electronic check,75.8,160.75,1,2,80.375,2,1,0,1,1,New,0.72337683977215,1,HIGH,Offer a longer-term contract with an incentive. Provide an early-tenure retention offer or onboarding support. Offer technical support or a support package.
9061-TIHDA,Male,1,Yes,No,13,Yes,Yes,Fiber optic,No,No,No,No,Yes,Yes,Month-to-month,Yes,Electronic check,95.25,1233.65,1,13,94.89615384615384,4,1,0,0,1,Established,0.7968339697467969,1,HIGH,Offer a longer-term contract with an incentive. Review pricing and offer a suitable plan or discount. Offer technical support or a support package.
4695-WJZUE,Female,1,No,No,2,Yes,Yes,Fiber optic,No,No,Yes,No,No,Yes,Month-to-month,Yes,Electronic check,88.55,179.25,1,2,89.625,4,1,0,1,1,New,0.8725675516571787,1,HIGH,Offer a longer-term contract with an incentive. Provide an early-tenure retention offer or onboarding support. Review pricing and offer a suitable plan or discount.
3988-RQIXO,Female,1,No,No,1,Yes,No,Fiber optic,No,No,No,No,Yes,Yes,Month-to-month,Yes,Electronic check,91.3,91.3,1,1,91.3,3,1,0,1,1,New,0.8972902762039946,1,HIGH,Offer a longer-term contract with an incentive. Provide an early-tenure retention offer or onboarding support. Review pricing and offer a suitable plan or discount.
2514-GINMM,Male,0,No,No,1,Yes,No,Fiber optic,No,No,No,No,Yes,No,Month-to-month,Yes,Electronic check,79.5,79.5,1,1,79.5,2,1,0,1,1,New,0.8845530561330383,1,HIGH,Offer a longer-term contract with an incentive. Provide an early-tenure retention offer or onboarding support. Offer technical support or a support package.
4285-GYRQC,Female,0,Yes,No,7,Yes,No,Fiber optic,No,No,Yes,No,Yes,No,Month-to-month,Yes,Electronic check,86.25,587.1,1,7,83.87142857142858,3,1,0,1,1,New,0.713160424466258,1,HIGH,Offer a longer-term contract with an incentive. Provide an early-tenure retention offer or onboarding support. Review pricing and offer a suitable plan or discount.
7216-EWTRS,Female,1,Yes,No,1,Yes,Yes,Fiber optic,No,No,Yes,No,Yes,Yes,Month-to-month,Yes,Electronic check,100.8,100.8,1,1,100.8,5,1,0,1,1,New,0.940608643878659,1,HIGH,Offer a longer-term contract with an incentive. Provide an early-tenure retention offer or onboarding support. Review pricing and offer a suitable plan or discount.
7181-BQYBV,Female,0,Yes,Yes,1,Yes,Yes,Fiber optic,Yes,No,Yes,No,Yes,Yes,Month-to-month,Yes,Electronic check,102.45,102.45,1,1,102.45,6,1,0,1,1,New,0.8769610571226993,1,HIGH,Offer a longer-term contract with an incentive. Provide an early-tenure retention offer or onboarding support. Review pricing and offer a suitable plan or discount.
4529-CKBCL,Female,0,No,No,2,Yes,No,Fiber optic,No,No,No,No,Yes,No,Month-to-month,Yes,Electronic check,80.2,146.05,1,2,73.025,2,1,0,1,1,New,0.7299038635266841,1,HIGH,Offer a longer-term contract with an incentive. Provide an early-tenure retention offer or onboarding support. Review pricing and offer a suitable plan or discount.
0151-ONTOV,Female,0,No,No,1,Yes,No,Fiber optic,No,No,No,No,No,No,Month-to-month,No,Mailed check,70.9,70.9,1,1,70.9,1,0,0,1,1,New,0.7345138885345648,1,HIGH,Offer a longer-term contract with an incentive. Provide an early-tenure retention offer or onboarding support. Offer technical support or a support package.
7180-PISOG,Male,0,Yes,Yes,1,Yes,Yes,Fiber optic,No,No,No,No,No,No,Month-to-month,Yes,Electronic check,74.5,74.5,1,1,74.5,2,1,0,1,1,New,0.8578907909410287,1,HIGH,Offer a longer-term contract with an incentive. Provide an early-tenure retention offer or onboarding support. Offer technical support or a support package.
2754-SDJRD,Female,1,No,No,8,Yes,Yes,Fiber optic,No,No,No,Yes,Yes,Yes,Month-to-month,Yes,Credit card (automatic),100.15,908.55,0,8,113.56875,5,1,1,1,1,New,0.7630631865084709,1,HIGH,Offer a longer-term contract with an incentive. Provide an early-tenure retention offer or onboarding support. Review pricing and offer a suitable plan or discount.
6140-QNRQQ,Male,0,No,No,1,Yes,No,Fiber optic,No,No,No,No,No,No,Month-to-month,Yes,Mailed check,71.55,71.55,1,1,71.55,1,1,0,1,1,New,0.7830708292094962,1,HIGH,Offer a longer-term contract with an incentive. Provide an early-tenure retention offer or onboarding support. Offer technical support or a support package.
2135-DQWAQ,Female,0,No,No,5,Yes,No,Fiber optic,No,Yes,No,No,Yes,No,Month-to-month,Yes,Mailed check,85.3,420.45,0,5,84.09,3,1,0,1,1,New,0.7262959946334524,1,HIGH,Offer a longer-term contract with an incentive. Provide an early-tenure retention offer or onboarding support. Review pricing and offer a suitable plan or discount.
7488-MXJIV,Female,0,No,No,4,Yes,Yes,Fiber optic,No,No,No,No,Yes,No,Month-to-month,Yes,Electronic check,85.65,321.65,1,4,80.4125,3,1,0,1,1,New,0.7890233385725393,1,HIGH,Offer a longer-term contract with an incentive. Provide an early-tenure retention offer or onboarding support. Review pricing and offer a suitable plan or discount.
2027-FECZV,Male,0,No,No,12,Yes,Yes,Fiber optic,No,Yes,Yes,No,Yes,Yes,Month-to-month,Yes,Electronic check,106.7,1253.9,1,12,104.49166666666667,6,1,0,1,1,New,0.7521193651275324,1,HIGH,Offer a longer-term contract with an incentive. Provide an early-tenure retention offer or onboarding support. Review pricing and offer a suitable plan or discount.
2672-DZUOY,Male,0,No,No,1,No,No phone service,DSL,No,No,No,No,No,No,Month-to-month,Yes,Electronic check,25.15,25.15,1,1,25.15,0,1,0,1,0,New,0.7043055617642096,1,HIGH,Offer a longer-term contract with an incentive. Provide an early-tenure retention offer or onboarding support. Offer technical support or a support package.
4813-HQMGZ,Female,0,Yes,No,8,Yes,Yes,Fiber optic,No,No,No,Yes,No,Yes,Month-to-month,Yes,Electronic check,90.25,743.75,0,8,92.96875,4,1,0,1,1,New,0.736421625740508,1,HIGH,Offer a longer-term contract with an incentive. Provide an early-tenure retention offer or onboarding support. Review pricing and offer a suitable plan or discount.
8739-XNIKG,Female,0,No,No,5,Yes,Yes,Fiber optic,No,No,No,No,Yes,No,Month-to-month,Yes,Electronic check,84.0,424.75,0,5,84.95,3,1,0,1,1,New,0.8212199439395571,1,HIGH,Offer a longer-term contract with an incentive. Provide an early-tenure retention offer or onboarding support. Review pricing and offer a suitable plan or discount.
2789-HQBOU,Male,0,No,No,3,Yes,No,Fiber optic,No,No,No,No,No,Yes,Month-to-month,Yes,Electronic check,80.35,253.8,0,3,84.60000000000001,2,1,0,1,1,New,0.7181854539499005,1,HIGH,Offer a longer-term contract with an incentive. Provide an early-tenure retention offer or onboarding support. Review pricing and offer a suitable plan or discount.
1846-XWOQN,Female,1,No,No,1,Yes,No,Fiber optic,No,No,No,No,No,No,Month-to-month,Yes,Electronic check,70.15,70.15,1,1,70.15,1,1,0,1,0,New,0.8165343677373056,1,HIGH,Offer a longer-term contract with an incentive. Provide an early-tenure retention offer or onboarding support. Offer technical support or a support package.
0235-KGSLC,Female,0,No,No,1,Yes,No,Fiber optic,No,No,Yes,No,Yes,No,Month-to-month,Yes,Credit card (automatic),85.55,85.55,1,1,85.55,3,1,1,1,1,New,0.7995306924446561,1,HIGH,Offer a longer-term contract with an incentive. Provide an early-tenure retention offer or onboarding support. Review pricing and offer a suitable plan or discount.
6734-GMPVK,Male,0,No,No,5,Yes,Yes,Fiber optic,No,Yes,Yes,No,Yes,Yes,Month-to-month,No,Electronic check,105.3,550.6,0,5,110.12,6,0,0,1,1,New,0.7125252755646155,1,HIGH,Offer a longer-term contract with an incentive. Provide an early-tenure retention offer or onboarding support. Review pricing and offer a suitable plan or discount.
3722-WPXTK,Male,0,No,No,1,Yes,No,Fiber optic,No,No,No,No,Yes,Yes,Month-to-month,Yes,Electronic check,88.35,88.35,1,1,88.35,3,1,0,1,1,New,0.8179501020244303,1,HIGH,Offer a longer-term contract with an incentive. Provide an early-tenure retention offer or onboarding support. Review pricing and offer a suitable plan or discount.
2929-ERCFZ,Female,0,Yes,Yes,8,Yes,No,Fiber optic,No,No,Yes,No,Yes,Yes,Month-to-month,Yes,Electronic check,94.2,777.3,1,8,97.1625,4,1,0,1,1,New,0.7113285174051258,1,HIGH,Offer a longer-term contract with an incentive. Provide an early-tenure retention offer or onboarding support. Review pricing and offer a suitable plan or discount.
7548-SEPYI,Female,0,No,No,5,Yes,No,Fiber optic,No,Yes,No,No,Yes,Yes,Month-to-month,Yes,Electronic check,96.25,512.45,1,5,102.49,4,1,0,1,1,New,0.7629560459249088,1,HIGH,Offer a longer-term contract with an incentive. Provide an early-tenure retention offer or onboarding support. Review pricing and offer a suitable plan or discount.
9603-OAIHC,Male,1,No,No,1,Yes,No,Fiber optic,No,No,No,No,No,No,Month-to-month,Yes,Electronic check,70.05,70.05,0,1,70.05,1,1,0,1,0,New,0.8130672251742801,1,HIGH,Offer a longer-term contract with an incentive. Provide an early-tenure retention offer or onboarding support. Offer technical support or a support package.
7089-IVVAZ,Female,0,No,No,8,Yes,Yes,Fiber optic,Yes,No,No,Yes,Yes,Yes,Month-to-month,Yes,Bank transfer (automatic),103.35,847.3,1,8,105.9125,6,1,1,1,1,New,0.7668192493791809,1,HIGH,Offer a longer-term contract with an incentive. Provide an early-tenure retention offer or onboarding support. Review pricing and offer a suitable plan or discount.
2205-YMZZJ,Male,1,No,No,7,Yes,Yes,Fiber optic,No,No,No,No,Yes,No,Month-to-month,Yes,Electronic check,84.8,546.95,1,7,78.13571428571429,3,1,0,1,1,New,0.769484818238414,1,HIGH,Offer a longer-term contract with an incentive. Provide an early-tenure retention offer or onboarding support. Review pricing and offer a suitable plan or discount.
9221-OTIVJ,Female,1,No,No,14,Yes,Yes,Fiber optic,No,Yes,Yes,No,Yes,Yes,Month-to-month,Yes,Electronic check,104.85,1531.4,1,14,109.38571428571429,6,1,0,0,1,Established,0.7142516772149294,1,HIGH,Offer a longer-term contract with an incentive. Review pricing and offer a suitable plan or discount. Offer technical support or a support package.
1197-BVMVG,Female,1,No,No,4,Yes,Yes,Fiber optic,No,No,No,No,No,No,Month-to-month,Yes,Electronic check,74.45,294.45,0,4,73.6125,2,1,0,1,1,New,0.7525809060352355,1,HIGH,Offer a longer-term contract with an incentive. Provide an early-tenure retention offer or onboarding support. Offer technical support or a support package.
2609-IAICY,Female,0,No,No,1,Yes,Yes,Fiber optic,No,No,No,No,No,No,Month-to-month,Yes,Electronic check,77.15,77.15,1,1,77.15,2,1,0,1,1,New,0.9154504582280318,1,HIGH,Offer a longer-term contract with an incentive. Provide an early-tenure retention offer or onboarding support. Offer technical support or a support package.
8622-ZLFKO,Female,0,Yes,No,6,Yes,Yes,Fiber optic,No,Yes,No,No,No,Yes,Month-to-month,Yes,Electronic check,90.75,512.25,0,6,85.375,4,1,0,1,1,New,0.7994732007195339,1,HIGH,Offer a longer-term contract with an incentive. Provide an early-tenure retention offer or onboarding support. Review pricing and offer a suitable plan or discount.
3707-GNWHM,Male,0,No,No,1,Yes,Yes,Fiber optic,No,No,No,No,No,No,Month-to-month,Yes,Mailed check,74.25,74.25,1,1,74.25,2,1,0,1,1,New,0.8201560614963092,1,HIGH,Offer a longer-term contract with an incentive. Provide an early-tenure retention offer or onboarding support. Offer technical support or a support package.
8245-UMPYT,Female,1,No,No,16,Yes,Yes,Fiber optic,No,No,No,No,Yes,Yes,Month-to-month,Yes,Electronic check,96.4,1581.2,1,16,98.825,4,1,0,0,1,Established,0.7197626324356458,1,HIGH,Offer a longer-term contract with an incentive. Review pricing and offer a suitable plan or discount. Offer technical support or a support package.
5186-SAMNZ,Male,1,No,No,1,Yes,No,Fiber optic,No,No,No,No,No,No,Month-to-month,Yes,Bank transfer (automatic),69.5,69.5,1,1,69.5,1,1,1,1,0,New,0.7869673854734147,1,HIGH,Offer a longer-term contract with an incentive. Provide an early-tenure retention offer or onboarding support. Offer technical support or a support package.
4927-WWOOZ,Male,0,Yes,No,2,Yes,Yes,Fiber optic,No,No,Yes,No,Yes,No,Month-to-month,Yes,Electronic check,91.45,171.45,0,2,85.725,4,1,0,1,1,New,0.8358129096248622,1,HIGH,Offer a longer-term contract with an incentive. Provide an early-tenure retention offer or onboarding support. Review pricing and offer a suitable plan or discount.
8931-GJJIQ,Female,0,No,No,9,Yes,Yes,Fiber optic,No,No,No,No,No,Yes,Month-to-month,Yes,Electronic check,83.3,803.3,1,9,89.25555555555555,3,1,0,1,1,New,0.7974688402504666,1,HIGH,Offer a longer-term contract with an incentive. Provide an early-tenure retention offer or onboarding support. Review pricing and offer a suitable plan or discount.
0722-SVSFK,Female,0,No,No,7,Yes,No,Fiber optic,No,No,Yes,Yes,Yes,Yes,Month-to-month,Yes,Electronic check,100.4,715.0,0,7,102.14285714285714,5,1,0,1,1,New,0.7694258467042563,1,HIGH,Offer a longer-term contract with an incentive. Provide an early-tenure retention offer or onboarding support. Review pricing and offer a suitable plan or discount.
4910-GMJOT,Female,0,No,No,1,Yes,Yes,Fiber optic,No,No,No,No,Yes,Yes,Month-to-month,Yes,Electronic check,94.6,94.6,1,1,94.6,4,1,0,1,1,New,0.9201345643445124,1,HIGH,Offer a longer-term contract with an incentive. Provide an early-tenure retention offer or onboarding support. Review pricing and offer a suitable plan or discount.
7576-OYWBN,Male,1,No,No,3,Yes,Yes,Fiber optic,No,No,No,No,No,No,Month-to-month,Yes,Electronic check,76.05,231.8,1,3,77.26666666666667,2,1,0,1,1,New,0.8160303691744933,1,HIGH,Offer a longer-term contract with an incentive. Provide an early-tenure retention offer or onboarding support. Offer technical support or a support package.
2262-SLNVK,Female,0,No,No,1,Yes,No,Fiber optic,No,No,No,No,No,No,Month-to-month,No,Electronic check,70.1,70.1,0,1,70.1,1,0,0,1,0,New,0.7730728067473597,1,HIGH,Offer a longer-term contract with an incentive. Provide an early-tenure retention offer or onboarding support. Offer technical support or a support package.
5539-TMZLF,Male,1,No,No,1,Yes,No,Fiber optic,No,No,No,No,No,No,Month-to-month,Yes,Electronic check,69.75,69.75,1,1,69.75,1,1,0,1,0,New,0.8339818461249691,1,HIGH,Offer a longer-term contract with an incentive. Provide an early-tenure retention offer or onboarding support. Offer technical support or a support package.
0137-OCGAB,Female,0,No,No,1,Yes,Yes,Fiber optic,No,Yes,No,No,No,No,Month-to-month,Yes,Mailed check,80.2,80.2,1,1,80.2,3,1,0,1,1,New,0.8789438931025365,1,HIGH,Offer a longer-term contract with an incentive. Provide an early-tenure retention offer or onboarding support. Review pricing and offer a suitable plan or discount.
6861-XWTWQ,Male,1,Yes,No,7,Yes,Yes,Fiber optic,No,No,Yes,No,Yes,Yes,Month-to-month,Yes,Electronic check,99.25,665.45,1,7,95.06428571428572,5,1,0,1,1,New,0.8846504807127695,1,HIGH,Offer a longer-term contract with an incentive. Provide an early-tenure retention offer or onboarding support. Review pricing and offer a suitable plan or discount.
2725-KXXWT,Male,0,Yes,No,1,Yes,No,Fiber optic,No,No,No,No,Yes,Yes,Month-to-month,Yes,Electronic check,90.75,90.75,1,1,90.75,3,1,0,1,1,New,0.8855610036230658,1,HIGH,Offer a longer-term contract with an incentive. Provide an early-tenure retention offer or onboarding support. Review pricing and offer a suitable plan or discount.
8348-HFYIV,Male,0,No,No,2,No,No phone service,DSL,No,No,Yes,No,Yes,Yes,Month-to-month,Yes,Electronic check,49.25,90.35,1,2,45.175,3,1,0,1,0,New,0.8070062413418104,1,HIGH,Offer a longer-term contract with an incentive. Provide an early-tenure retention offer or onboarding support. Offer technical support or a support package.
7341-LXCAF,Male,0,Yes,No,4,Yes,Yes,Fiber optic,No,No,No,No,No,No,Month-to-month,Yes,Electronic check,74.65,301.4,1,4,75.35,2,1,0,1,1,New,0.7496762745037638,1,HIGH,Offer a longer-term contract with an incentive. Provide an early-tenure retention offer or onboarding support. Offer technical support or a support package.
1569-TTNYJ,Male,0,Yes,No,5,Yes,Yes,Fiber optic,No,Yes,No,No,No,No,Month-to-month,Yes,Electronic check,78.75,412.1,1,5,82.42,3,1,0,1,1,New,0.7695276137756056,1,HIGH,Offer a longer-term contract with an incentive. Provide an early-tenure retention offer or onboarding support. Offer technical support or a support package.
7938-OUHIO,Male,0,No,No,3,Yes,No,Fiber optic,No,No,Yes,Yes,Yes,Yes,Month-to-month,Yes,Electronic check,98.7,293.65,1,3,97.88333333333333,5,1,0,1,1,New,0.7723224982725184,1,HIGH,Offer a longer-term contract with an incentive. Provide an early-tenure retention offer or onboarding support. Review pricing and offer a suitable plan or discount.
8510-AWCXC,Female,1,No,No,13,Yes,Yes,Fiber optic,Yes,No,No,No,Yes,Yes,Month-to-month,Yes,Electronic check,100.8,1308.1,1,13,100.62307692307692,5,1,0,0,1,Established,0.7547393210679051,1,HIGH,Offer a longer-term contract with an incentive. Review pricing and offer a suitable plan or discount. Offer technical support or a support package.
3387-VATUS,Male,0,No,No,5,Yes,Yes,Fiber optic,No,No,No,No,Yes,Yes,Month-to-month,Yes,Bank transfer (automatic),94.85,462.8,1,5,92.56,4,1,1,1,1,New,0.8385400070901781,1,HIGH,Offer a longer-term contract with an incentive. Provide an early-tenure retention offer or onboarding support. Review pricing and offer a suitable plan or discount.
1143-NMNQJ,Female,0,No,No,2,Yes,Yes,Fiber optic,No,No,No,No,No,Yes,Month-to-month,Yes,Electronic check,85.7,169.8,1,2,84.9,3,1,0,1,1,New,0.8370995581104921,1,HIGH,Offer a longer-term contract with an incentive. Provide an early-tenure retention offer or onboarding support. Review pricing and offer a suitable plan or discount.
1724-BQUHA,Male,1,No,No,5,Yes,No,Fiber optic,No,No,No,No,Yes,Yes,Month-to-month,Yes,Electronic check,89.5,477.7,1,5,95.54,3,1,0,1,1,New,0.7905974210154412,1,HIGH,Offer a longer-term contract with an incentive. Provide an early-tenure retention offer or onboarding support. Review pricing and offer a suitable plan or discount.
4826-XTSOH,Male,1,Yes,No,1,Yes,Yes,Fiber optic,No,No,No,No,Yes,No,Month-to-month,Yes,Electronic check,86.05,86.05,1,1,86.05,3,1,0,1,1,New,0.8800747082740352,1,HIGH,Offer a longer-term contract with an incentive. Provide an early-tenure retention offer or onboarding support. Review pricing and offer a suitable plan or discount.
6857-VWJDT,Female,0,No,No,1,Yes,Yes,Fiber optic,No,No,No,No,Yes,Yes,Month-to-month,No,Mailed check,95.65,95.65,1,1,95.65,4,0,0,1,1,New,0.8623285017189145,1,HIGH,Offer a longer-term contract with an incentive. Provide an early-tenure retention offer or onboarding support. Review pricing and offer a suitable plan or discount.
2691-NZETQ,Male,0,No,No,9,Yes,Yes,Fiber optic,No,No,No,No,Yes,No,Month-to-month,Yes,Electronic check,85.35,758.6,1,9,84.28888888888889,3,1,0,1,1,New,0.7915166206390248,1,HIGH,Offer a longer-term contract with an incentive. Provide an early-tenure retention offer or onboarding support. Review pricing and offer a suitable plan or discount.
7295-JOMMD,Female,0,No,Yes,4,Yes,No,Fiber optic,No,No,Yes,Yes,Yes,Yes,Month-to-month,Yes,Bank transfer (automatic),98.1,396.3,1,4,99.075,5,1,1,1,1,New,0.7788786998710168,1,HIGH,Offer a longer-term contract with an incentive. Provide an early-tenure retention offer or onboarding support. Review pricing and offer a suitable plan or discount.
0709-TVGUR,Female,1,No,No,9,Yes,Yes,Fiber optic,No,No,No,No,No,No,Month-to-month,Yes,Electronic check,74.55,622.9,1,9,69.21111111111111,2,1,0,1,1,New,0.7107509950180569,1,HIGH,Offer a longer-term contract with an incentive. Provide an early-tenure retention offer or onboarding support. Offer technical support or a support package.
6023-YEBUP,Male,0,No,No,3,Yes,Yes,Fiber optic,No,No,Yes,No,Yes,Yes,Month-to-month,Yes,Electronic check,100.95,329.95,1,3,109.98333333333332,5,1,0,1,1,New,0.8299648889989996,1,HIGH,Offer a longer-term contract with an incentive. Provide an early-tenure retention offer or onboarding support. Review pricing and offer a suitable plan or discount.
4102-OQUPX,Male,1,Yes,No,1,Yes,Yes,Fiber optic,No,No,No,No,No,No,Month-to-month,Yes,Electronic check,74.4,74.4,1,1,74.4,2,1,0,1,1,New,0.8752570988624021,1,HIGH,Offer a longer-term contract with an incentive. Provide an early-tenure retention offer or onboarding support. Offer technical support or a support package.
2454-RPBRZ,Female,1,Yes,No,12,Yes,Yes,Fiber optic,No,Yes,Yes,No,Yes,No,Month-to-month,Yes,Electronic check,98.1,1060.2,1,12,88.35000000000001,5,1,0,1,1,New,0.8041508455484755,1,HIGH,Offer a longer-term contract with an incentive. Provide an early-tenure retention offer or onboarding support. Review pricing and offer a suitable plan or discount.
2265-CYWIV,Female,1,Yes,No,4,Yes,Yes,Fiber optic,Yes,No,No,No,Yes,Yes,Month-to-month,Yes,Electronic check,99.6,347.65,1,4,86.9125,5,1,0,1,1,New,0.8382459167157028,1,HIGH,Offer a longer-term contract with an incentive. Provide an early-tenure retention offer or onboarding support. Review pricing and offer a suitable plan or discount.
2740-TVLFN,Male,0,No,No,1,Yes,Yes,DSL,No,No,No,No,No,No,Month-to-month,Yes,Electronic check,50.15,50.15,0,1,50.15,2,1,0,1,0,New,0.7143143195492135,1,HIGH,Offer a longer-term contract with an incentive. Provide an early-tenure retention offer or onboarding support. Offer technical support or a support package.
2004-OCQXK,Female,0,No,No,1,Yes,No,Fiber optic,No,No,No,No,No,Yes,Month-to-month,Yes,Electronic check,81.95,81.95,1,1,81.95,2,1,0,1,1,New,0.8747500283261691,1,HIGH,Offer a longer-term contract with an incentive. Provide an early-tenure retention offer or onboarding support. Review pricing and offer a suitable plan or discount.
7409-KIUTL,Female,1,No,Yes,1,Yes,No,Fiber optic,No,No,No,No,No,No,Month-to-month,Yes,Electronic check,71.0,71.0,1,1,71.0,1,1,0,1,1,New,0.8162658610255233,1,HIGH,Offer a longer-term contract with an incentive. Provide an early-tenure retention offer or onboarding support. Offer technical support or a support package.
0495-RVCBF,Female,0,No,No,1,Yes,No,Fiber optic,No,No,No,No,No,Yes,Month-to-month,Yes,Electronic check,79.7,79.7,1,1,79.7,2,1,0,1,1,New,0.8780652923277354,1,HIGH,Offer a longer-term contract with an incentive. Provide an early-tenure retention offer or onboarding support. Offer technical support or a support package.
0679-IDSTG,Female,1,Yes,Yes,1,Yes,No,Fiber optic,No,No,No,No,No,No,Month-to-month,Yes,Electronic check,69.25,69.25,1,1,69.25,1,1,0,1,0,New,0.8465245062335444,1,HIGH,Offer a longer-term contract with an incentive. Provide an early-tenure retention offer or onboarding support. Offer technical support or a support package.
9747-DDZOS,Female,0,No,No,1,Yes,No,Fiber optic,No,No,Yes,No,No,No,Month-to-month,No,Bank transfer (automatic),73.5,73.5,1,1,73.5,2,0,1,1,1,New,0.7200413294984536,1,HIGH,Offer a longer-term contract with an incentive. Provide an early-tenure retention offer or onboarding support. Offer technical support or a support package.
0564-JJHGS,Male,0,No,No,9,Yes,Yes,Fiber optic,No,No,No,No,Yes,Yes,Month-to-month,Yes,Electronic check,95.5,829.1,1,9,92.12222222222222,4,1,0,1,1,New,0.820591782607067,1,HIGH,Offer a longer-term contract with an incentive. Provide an early-tenure retention offer or onboarding support. Review pricing and offer a suitable plan or discount.
5542-TBBWB,Male,0,No,No,1,Yes,No,Fiber optic,No,No,No,No,No,No,Month-to-month,Yes,Electronic check,69.9,69.9,0,1,69.9,1,1,0,1,0,New,0.8291181715869403,1,HIGH,Offer a longer-term contract with an incentive. Provide an early-tenure retention offer or onboarding support. Offer technical support or a support package.
4626-GYCZP,Male,0,No,No,7,Yes,Yes,Fiber optic,No,No,No,No,Yes,Yes,Month-to-month,Yes,Electronic check,93.85,635.6,1,7,90.8,4,1,0,1,1,New,0.8666679251806306,1,HIGH,Offer a longer-term contract with an incentive. Provide an early-tenure retention offer or onboarding support. Review pricing and offer a suitable plan or discount.
2674-MIAHT,Female,0,No,No,4,Yes,Yes,Fiber optic,No,Yes,No,No,No,No,Month-to-month,Yes,Mailed check,80.3,324.2,0,4,81.05,3,1,0,1,1,New,0.7279974039069301,1,HIGH,Offer a longer-term contract with an incentive. Provide an early-tenure retention offer or onboarding support. Review pricing and offer a suitable plan or discount.
7613-LLQFO,Male,0,No,No,12,Yes,Yes,Fiber optic,No,No,No,No,Yes,No,Month-to-month,Yes,Electronic check,84.45,1059.55,1,12,88.29583333333333,3,1,0,1,1,New,0.7488097683334793,1,HIGH,Offer a longer-term contract with an incentive. Provide an early-tenure retention offer or onboarding support. Review pricing and offer a suitable plan or discount.
3801-HMYNL,Male,0,Yes,Yes,1,Yes,No,Fiber optic,No,No,No,No,Yes,Yes,Month-to-month,No,Mailed check,89.15,89.15,1,1,89.15,3,0,0,1,1,New,0.7559910276094056,1,HIGH,Offer a longer-term contract with an incentive. Provide an early-tenure retention offer or onboarding support. Review pricing and offer a suitable plan or discount.
1761-AEZZR,Male,0,No,No,1,Yes,No,Fiber optic,No,No,No,No,Yes,No,Month-to-month,Yes,Electronic check,79.55,79.55,1,1,79.55,2,1,0,1,1,New,0.8845530561330383,1,HIGH,Offer a longer-term contract with an incentive. Provide an early-tenure retention offer or onboarding support. Offer technical support or a support package.
7120-RFMVS,Male,0,No,No,1,Yes,Yes,Fiber optic,No,No,No,No,Yes,No,Month-to-month,No,Electronic check,84.5,84.5,1,1,84.5,3,0,0,1,1,New,0.8218805349007932,1,HIGH,Offer a longer-term contract with an incentive. Provide an early-tenure retention offer or onboarding support. Review pricing and offer a suitable plan or discount.
3677-IYRBF,Female,1,No,No,2,No,No phone service,DSL,No,No,Yes,No,No,No,Month-to-month,Yes,Electronic check,30.4,78.65,1,2,39.325,1,1,0,1,0,New,0.7810151068349842,1,HIGH,Offer a longer-term contract with an incentive. Provide an early-tenure retention offer or onboarding support. Offer technical support or a support package.
0876-WDUUZ,Female,0,No,No,5,Yes,No,Fiber optic,No,No,No,Yes,No,Yes,Month-to-month,Yes,Credit card (automatic),85.4,425.9,1,5,85.17999999999999,3,1,1,1,1,New,0.7170807825069275,1,HIGH,Offer a longer-term contract with an incentive. Provide an early-tenure retention offer or onboarding support. Review pricing and offer a suitable plan or discount.
8118-LSUEL,Male,1,No,No,23,Yes,Yes,Fiber optic,No,Yes,Yes,No,Yes,Yes,Month-to-month,Yes,Electronic check,106.4,2483.5,1,23,107.97826086956522,6,1,0,0,1,Established,0.7105986101580216,1,HIGH,Offer a longer-term contract with an incentive. Review pricing and offer a suitable plan or discount. Offer technical support or a support package.
7005-CCBKV,Male,0,No,No,6,Yes,No,Fiber optic,No,Yes,No,No,No,Yes,Month-to-month,Yes,Electronic check,84.4,556.35,1,6,92.725,3,1,0,1,1,New,0.761711721166334,1,HIGH,Offer a longer-term contract with an incentive. Provide an early-tenure retention offer or onboarding support. Review pricing and offer a suitable plan or discount.
5277-ZLOOR,Female,1,No,No,2,Yes,Yes,Fiber optic,No,No,No,No,Yes,No,Month-to-month,Yes,Electronic check,85.55,187.45,1,2,93.725,3,1,0,1,1,New,0.8528954932399126,1,HIGH,Offer a longer-term contract with an incentive. Provide an early-tenure retention offer or onboarding support. Review pricing and offer a suitable plan or discount.
5052-PNLOS,Male,0,No,No,3,Yes,Yes,Fiber optic,No,Yes,Yes,No,Yes,Yes,Month-to-month,Yes,Bank transfer (automatic),105.35,323.25,1,3,107.75,6,1,1,1,1,New,0.8528300409615295,1,HIGH,Offer a longer-term contract with an incentive. Provide an early-tenure retention offer or onboarding support. Review pricing and offer a suitable plan or discount.
6979-ZNSFF,Female,0,No,No,8,Yes,Yes,Fiber optic,No,No,No,No,Yes,No,Month-to-month,Yes,Electronic check,87.05,762.1,1,8,95.2625,3,1,0,1,1,New,0.8291043366234949,1,HIGH,Offer a longer-term contract with an incentive. Provide an early-tenure retention offer or onboarding support. Review pricing and offer a suitable plan or discount.
9174-FKWZE,Female,1,No,No,1,Yes,No,No,No internet service,No internet service,No internet service,No internet service,No internet service,No internet service,Month-to-month,Yes,Electronic check,19.45,19.45,1,1,19.45,1,1,0,1,0,New,0.7621458659429716,1,HIGH,Offer a longer-term contract with an incentive. Provide an early-tenure retention offer or onboarding support. Consider encouraging automatic payment options.
6860-YRJZP,Male,1,No,No,9,Yes,Yes,Fiber optic,No,No,No,No,No,No,Month-to-month,Yes,Electronic check,74.05,678.45,0,9,75.38333333333334,2,1,0,1,1,New,0.7324129917235424,1,HIGH,Offer a longer-term contract with an incentive. Provide an early-tenure retention offer or onboarding support. Offer technical support or a support package.
4822-NGOCH,Female,0,No,No,13,Yes,Yes,Fiber optic,No,Yes,Yes,No,No,No,Month-to-month,Yes,Electronic check,84.45,1058.6,1,13,81.43076923076923,4,1,0,0,1,Established,0.7177027526638297,1,HIGH,Offer a longer-term contract with an incentive. Review pricing and offer a suitable plan or discount. Offer technical support or a support package.
4236-XPXAV,Female,0,Yes,Yes,5,Yes,No,Fiber optic,No,Yes,No,Yes,Yes,Yes,Month-to-month,Yes,Mailed check,99.15,465.05,1,5,93.01,5,1,0,1,1,New,0.7852417759965191,1,HIGH,Offer a longer-term contract with an incentive. Provide an early-tenure retention offer or onboarding support. Review pricing and offer a suitable plan or discount.
7890-VYYWG,Male,1,Yes,No,3,No,No phone service,DSL,No,No,No,No,Yes,No,Month-to-month,Yes,Mailed check,36.45,93.7,1,3,31.23333333333333,1,1,0,1,0,New,0.7088986856080827,1,HIGH,Offer a longer-term contract with an incentive. Provide an early-tenure retention offer or onboarding support. Offer technical support or a support package.
8149-RSOUN,Female,0,No,No,1,Yes,Yes,Fiber optic,No,No,No,No,Yes,Yes,Month-to-month,Yes,Electronic check,93.85,93.85,1,1,93.85,4,1,0,1,1,New,0.9211048416974916,1,HIGH,Offer a longer-term contract with an incentive. Provide an early-tenure retention offer or onboarding support. Review pricing and offer a suitable plan or discount.
5519-NPHVG,Female,0,No,No,12,Yes,Yes,Fiber optic,No,No,No,No,Yes,Yes,Month-to-month,Yes,Electronic check,94.2,1046.1,1,12,87.175,4,1,0,1,1,New,0.7667442998320563,1,HIGH,Offer a longer-term contract with an incentive. Provide an early-tenure retention offer or onboarding support. Review pricing and offer a suitable plan or discount.
7779-LGOVN,Male,1,Yes,No,10,Yes,Yes,Fiber optic,No,No,No,No,No,Yes,Month-to-month,Yes,Electronic check,86.65,856.65,1,10,85.66499999999999,3,1,0,1,1,New,0.778923269486351,1,HIGH,Offer a longer-term contract with an incentive. Provide an early-tenure retention offer or onboarding support. Review pricing and offer a suitable plan or discount.
4132-KALRO,Female,0,No,No,4,Yes,Yes,Fiber optic,No,No,No,Yes,Yes,Yes,Month-to-month,Yes,Mailed check,100.85,399.25,0,4,99.8125,5,1,0,1,1,New,0.7745263904545469,1,HIGH,Offer a longer-term contract with an incentive. Provide an early-tenure retention offer or onboarding support. Review pricing and offer a suitable plan or discount.
3902-FOIGH,Male,1,Yes,No,12,Yes,Yes,Fiber optic,No,Yes,No,No,Yes,Yes,Month-to-month,Yes,Electronic check,101.35,1218.55,1,12,101.54583333333332,5,1,0,1,1,New,0.7886713704920325,1,HIGH,Offer a longer-term contract with an incentive. Provide an early-tenure retention offer or onboarding support. Review pricing and offer a suitable plan or discount.
6772-KSATR,Male,0,No,No,1,Yes,Yes,Fiber optic,Yes,No,No,No,No,No,Month-to-month,Yes,Electronic check,81.7,81.7,1,1,81.7,3,1,0,1,1,New,0.8159300613772549,1,HIGH,Offer a longer-term contract with an incentive. Provide an early-tenure retention offer or onboarding support. Review pricing and offer a suitable plan or discount.
1086-LXKFY,Female,0,Yes,Yes,1,Yes,No,Fiber optic,No,No,No,No,No,No,Month-to-month,Yes,Mailed check,69.1,69.1,1,1,69.1,1,1,0,1,0,New,0.7972450536760435,1,HIGH,Offer a longer-term contract with an incentive. Provide an early-tenure retention offer or onboarding support. Offer technical support or a support package.
2636-ALXXZ,Female,1,No,No,1,Yes,No,Fiber optic,No,No,No,No,No,No,Month-to-month,Yes,Electronic check,69.6,69.6,1,1,69.6,1,1,0,1,0,New,0.8467570949823149,1,HIGH,Offer a longer-term contract with an incentive. Provide an early-tenure retention offer or onboarding support. Offer technical support or a support package.
9885-CSMWE,Female,1,No,No,1,Yes,No,Fiber optic,No,No,No,No,Yes,No,Month-to-month,No,Electronic check,78.45,78.45,1,1,78.45,2,0,0,1,1,New,0.8729833597235434,1,HIGH,Offer a longer-term contract with an incentive. Provide an early-tenure retention offer or onboarding support. Offer technical support or a support package.
8058-JMEQO,Female,1,No,No,9,Yes,Yes,Fiber optic,No,No,No,No,No,Yes,Month-to-month,Yes,Electronic check,84.45,762.5,1,9,84.72222222222223,3,1,0,1,1,New,0.8206241049818428,1,HIGH,Offer a longer-term contract with an incentive. Provide an early-tenure retention offer or onboarding support. Review pricing and offer a suitable plan or discount.
5043-TRZWM,Female,0,No,No,1,Yes,No,Fiber optic,No,No,Yes,No,No,No,Month-to-month,No,Electronic check,75.55,75.55,0,1,75.55,2,0,0,1,1,New,0.7576378648582698,1,HIGH,Offer a longer-term contract with an incentive. Provide an early-tenure retention offer or onboarding support. Offer technical support or a support package.
0697-ZMSWS,Male,0,No,No,4,Yes,Yes,Fiber optic,No,No,No,No,No,Yes,Month-to-month,Yes,Electronic check,85.65,338.9,1,4,84.725,3,1,0,1,1,New,0.8094774296889788,1,HIGH,Offer a longer-term contract with an incentive. Provide an early-tenure retention offer or onboarding support. Review pricing and offer a suitable plan or discount.
1640-PLFMP,Female,0,No,No,1,Yes,No,Fiber optic,No,No,No,No,No,No,Month-to-month,Yes,Electronic check,70.25,70.25,0,1,70.25,1,1,0,1,0,New,0.8240222801609292,1,HIGH,Offer a longer-term contract with an incentive. Provide an early-tenure retention offer or onboarding support. Offer technical support or a support package.
0840-DFEZH,Female,0,No,No,7,Yes,Yes,Fiber optic,No,No,No,No,No,No,Month-to-month,Yes,Electronic check,75.35,564.65,0,7,80.66428571428571,2,1,0,1,1,New,0.7519937720915449,1,HIGH,Offer a longer-term contract with an incentive. Provide an early-tenure retention offer or onboarding support. Offer technical support or a support package.
6015-VVHHE,Female,1,No,No,5,Yes,Yes,Fiber optic,No,No,No,No,Yes,No,Month-to-month,Yes,Credit card (automatic),83.15,446.05,1,5,89.21000000000001,3,1,1,1,1,New,0.8045137445913474,1,HIGH,Offer a longer-term contract with an incentive. Provide an early-tenure retention offer or onboarding support. Review pricing and offer a suitable plan or discount.
2545-EBUPK,Female,1,No,No,2,Yes,Yes,Fiber optic,No,No,No,No,No,Yes,Month-to-month,Yes,Electronic check,84.05,186.05,0,2,93.025,3,1,0,1,1,New,0.8738192396759232,1,HIGH,Offer a longer-term contract with an incentive. Provide an early-tenure retention offer or onboarding support. Review pricing and offer a suitable plan or discount.
0897-FEGMU,Female,0,Yes,No,11,Yes,Yes,Fiber optic,No,No,Yes,No,Yes,Yes,Month-to-month,Yes,Electronic check,99.5,1056.95,1,11,96.08636363636364,5,1,0,1,1,New,0.8393625055452242,1,HIGH,Offer a longer-term contract with an incentive. Provide an early-tenure retention offer or onboarding support. Review pricing and offer a suitable plan or discount.
9124-LHCJQ,Female,0,No,No,1,Yes,Yes,Fiber optic,No,No,No,No,No,Yes,Month-to-month,Yes,Mailed check,85.45,85.45,1,1,85.45,3,1,0,1,1,New,0.8901655469481903,1,HIGH,Offer a longer-term contract with an incentive. Provide an early-tenure retention offer or onboarding support. Review pricing and offer a suitable plan or discount.
2516-VQRRV,Female,1,No,No,2,Yes,Yes,Fiber optic,No,No,No,No,No,No,Month-to-month,Yes,Mailed check,75.45,158.4,1,2,79.2,2,1,0,1,1,New,0.7143942394069904,1,HIGH,Offer a longer-term contract with an incentive. Provide an early-tenure retention offer or onboarding support. Offer technical support or a support package.
5178-LMXOP,Male,1,Yes,No,1,Yes,Yes,Fiber optic,No,No,No,No,Yes,Yes,Month-to-month,Yes,Electronic check,95.1,95.1,1,1,95.1,4,1,0,1,1,New,0.9318169834025399,1,HIGH,Offer a longer-term contract with an incentive. Provide an early-tenure retention offer or onboarding support. Review pricing and offer a suitable plan or discount.
8185-UPYBR,Male,0,Yes,No,6,Yes,Yes,Fiber optic,No,No,No,No,No,No,Month-to-month,Yes,Electronic check,75.5,438.0,1,6,73.0,2,1,0,1,1,New,0.7489814919038614,1,HIGH,Offer a longer-term contract with an incentive. Provide an early-tenure retention offer or onboarding support. Offer technical support or a support package.
7526-BEZQB,Male,0,No,No,12,Yes,Yes,Fiber optic,No,No,No,No,Yes,Yes,Month-to-month,Yes,Electronic check,96.05,1148.1,1,12,95.675,4,1,0,1,1,New,0.8454758079290868,1,HIGH,Offer a longer-term contract with an incentive. Provide an early-tenure retention offer or onboarding support. Review pricing and offer a suitable plan or discount.
9617-INGJY,Male,0,No,No,1,Yes,No,Fiber optic,No,No,No,No,No,No,Month-to-month,Yes,Mailed check,70.6,70.6,0,1,70.6,1,1,0,1,1,New,0.7830708292094962,1,HIGH,Offer a longer-term contract with an incentive. Provide an early-tenure retention offer or onboarding support. Offer technical support or a support package.
4951-UKAAQ,Female,0,No,No,4,Yes,Yes,Fiber optic,No,Yes,No,No,No,Yes,Month-to-month,Yes,Electronic check,88.95,355.2,1,4,88.8,4,1,0,1,1,New,0.7835653798959156,1,HIGH,Offer a longer-term contract with an incentive. Provide an early-tenure retention offer or onboarding support. Review pricing and offer a suitable plan or discount.
4112-LUEIZ,Male,0,No,No,10,Yes,No,Fiber optic,No,No,No,No,Yes,Yes,Month-to-month,Yes,Electronic check,89.5,863.1,1,10,86.31,3,1,0,1,1,New,0.7005468728699431,1,HIGH,Offer a longer-term contract with an incentive. Provide an early-tenure retention offer or onboarding support. Review pricing and offer a suitable plan or discount.
4510-HIMLV,Male,0,No,No,1,Yes,No,Fiber optic,No,No,No,No,No,No,Month-to-month,Yes,Electronic check,69.8,69.8,1,1,69.8,1,1,0,1,0,New,0.8291181715869403,1,HIGH,Offer a longer-term contract with an incentive. Provide an early-tenure retention offer or onboarding support. Offer technical support or a support package.
2430-USGXP,Male,0,Yes,No,24,Yes,Yes,Fiber optic,No,No,Yes,No,Yes,Yes,Month-to-month,Yes,Electronic check,101.05,2391.8,1,24,99.65833333333336,5,1,0,0,1,Established,0.7452611406007736,1,HIGH,Offer a longer-term contract with an incentive. Review pricing and offer a suitable plan or discount. Offer technical support or a support package.
7274-RTAPZ,Male,0,No,No,1,Yes,No,Fiber optic,No,No,No,No,Yes,Yes,Month-to-month,Yes,Electronic check,90.55,90.55,1,1,90.55,3,1,0,1,1,New,0.8855610036230658,1,HIGH,Offer a longer-term contract with an incentive. Provide an early-tenure retention offer or onboarding support. Review pricing and offer a suitable plan or discount.
3834-XUIFC,Male,0,No,No,7,Yes,Yes,Fiber optic,No,No,No,No,No,Yes,Month-to-month,Yes,Mailed check,85.2,602.55,1,7,86.07857142857142,3,1,0,1,1,New,0.7850122822999122,1,HIGH,Offer a longer-term contract with an incentive. Provide an early-tenure retention offer or onboarding support. Review pricing and offer a suitable plan or discount.
8414-MYSHR,Male,1,No,No,5,Yes,No,Fiber optic,No,No,No,No,Yes,Yes,Month-to-month,Yes,Electronic check,91.4,449.75,1,5,89.95,3,1,0,1,1,New,0.7692787702026819,1,HIGH,Offer a longer-term contract with an incentive. Provide an early-tenure retention offer or onboarding support. Review pricing and offer a suitable plan or discount.
5569-KGJHX,Female,0,Yes,Yes,9,Yes,Yes,Fiber optic,No,No,No,No,Yes,No,Month-to-month,Yes,Bank transfer (automatic),85.35,754.65,1,9,83.85,3,1,1,1,1,New,0.7086884099393091,1,HIGH,Offer a longer-term contract with an incentive. Provide an early-tenure retention offer or onboarding support. Review pricing and offer a suitable plan or discount.
4988-IQIGL,Male,1,No,No,1,Yes,Yes,Fiber optic,No,No,No,No,No,No,Month-to-month,Yes,Electronic check,75.35,75.35,1,1,75.35,2,1,0,1,1,New,0.8752570988624021,1,HIGH,Offer a longer-term contract with an incentive. Provide an early-tenure retention offer or onboarding support. Offer technical support or a support package.
3746-EUBYR,Male,0,Yes,No,1,Yes,Yes,Fiber optic,No,No,No,No,No,No,Month-to-month,Yes,Bank transfer (automatic),74.6,74.6,1,1,74.6,2,1,1,1,1,New,0.8011270983111184,1,HIGH,Offer a longer-term contract with an incentive. Provide an early-tenure retention offer or onboarding support. Offer technical support or a support package.
2254-DLXRI,Female,0,No,No,1,Yes,Yes,Fiber optic,No,Yes,No,No,No,No,Month-to-month,Yes,Mailed check,79.15,79.15,0,1,79.15,3,1,0,1,1,New,0.8711393792215183,1,HIGH,Offer a longer-term contract with an incentive. Provide an early-tenure retention offer or onboarding support. Offer technical support or a support package.
7594-RQHXR,Female,0,No,Yes,1,Yes,No,Fiber optic,No,No,No,No,No,Yes,Month-to-month,Yes,Electronic check,79.6,79.6,1,1,79.6,2,1,0,1,1,New,0.882399848201507,1,HIGH,Offer a longer-term contract with an incentive. Provide an early-tenure retention offer or onboarding support. Offer technical support or a support package.
1624-NALOJ,Male,1,No,No,5,Yes,Yes,Fiber optic,No,Yes,No,No,No,Yes,Month-to-month,Yes,Electronic check,89.8,502.6,1,5,100.52,4,1,0,1,1,New,0.8207823289571958,1,HIGH,Offer a longer-term contract with an incentive. Provide an early-tenure retention offer or onboarding support. Review pricing and offer a suitable plan or discount.
6210-KBBPI,Male,1,No,No,9,Yes,Yes,Fiber optic,No,Yes,No,No,Yes,Yes,Month-to-month,Yes,Credit card (automatic),99.45,919.4,1,9,102.15555555555557,5,1,1,1,1,New,0.8460713234289566,1,HIGH,Offer a longer-term contract with an incentive. Provide an early-tenure retention offer or onboarding support. Review pricing and offer a suitable plan or discount.
2612-RANWT,Female,0,No,No,12,Yes,Yes,Fiber optic,No,No,Yes,No,Yes,Yes,Month-to-month,Yes,Bank transfer (automatic),100.15,1164.3,1,12,97.025,5,1,1,1,1,New,0.7956206183735002,1,HIGH,Offer a longer-term contract with an incentive. Provide an early-tenure retention offer or onboarding support. Review pricing and offer a suitable plan or discount.
3878-AVSOQ,Female,1,No,No,1,Yes,No,Fiber optic,No,No,No,No,No,No,Month-to-month,Yes,Electronic check,71.25,71.25,0,1,71.25,1,1,0,1,1,New,0.8165343677373056,1,HIGH,Offer a longer-term contract with an incentive. Provide an early-tenure retention offer or onboarding support. Offer technical support or a support package.
0612-RTZZA,Female,1,No,No,1,No,No phone service,DSL,No,No,No,No,No,No,Month-to-month,No,Electronic check,25.25,25.25,1,1,25.25,0,0,0,1,0,New,0.7716902855377554,1,HIGH,Offer a longer-term contract with an incentive. Provide an early-tenure retention offer or onboarding support. Offer technical support or a support package.
8816-VXNZD,Female,0,No,No,1,Yes,Yes,Fiber optic,No,No,No,No,No,No,Month-to-month,Yes,Electronic check,75.1,75.1,1,1,75.1,2,1,0,1,1,New,0.8651087145882694,1,HIGH,Offer a longer-term contract with an incentive. Provide an early-tenure retention offer or onboarding support. Offer technical support or a support package.
3716-BDVDB,Male,0,No,No,1,Yes,No,Fiber optic,No,No,No,No,No,No,Month-to-month,Yes,Electronic check,69.1,69.1,1,1,69.1,1,1,0,1,0,New,0.8291181715869403,1,HIGH,Offer a longer-term contract with an incentive. Provide an early-tenure retention offer or onboarding support. Offer technical support or a support package.
9488-HGMJH,Female,1,No,No,1,Yes,No,Fiber optic,No,No,No,No,No,No,Month-to-month,Yes,Electronic check,71.15,71.15,1,1,71.15,1,1,0,1,1,New,0.8165343677373056,1,HIGH,Offer a longer-term contract with an incentive. Provide an early-tenure retention offer or onboarding support. Offer technical support or a support package.
6688-UZPWD,Female,0,Yes,No,11,Yes,Yes,Fiber optic,No,Yes,No,No,Yes,Yes,Month-to-month,Yes,Electronic check,102.0,1145.35,1,11,104.12272727272726,5,1,0,1,1,New,0.7886853014947645,1,HIGH,Offer a longer-term contract with an incentive. Provide an early-tenure retention offer or onboarding support. Review pricing and offer a suitable plan or discount.
0968-GSIKN,Female,0,No,No,1,Yes,No,Fiber optic,No,No,No,No,No,No,Month-to-month,Yes,Mailed check,70.8,70.8,1,1,70.8,1,1,0,1,1,New,0.786948545859094,1,HIGH,Offer a longer-term contract with an incentive. Provide an early-tenure retention offer or onboarding support. Offer technical support or a support package.
9057-SIHCH,Female,0,No,No,3,Yes,Yes,Fiber optic,No,No,No,No,Yes,Yes,Month-to-month,Yes,Electronic check,96.6,291.9,1,3,97.3,4,1,0,1,1,New,0.8637644279952358,1,HIGH,Offer a longer-term contract with an incentive. Provide an early-tenure retention offer or onboarding support. Review pricing and offer a suitable plan or discount.
3489-HHPFY,Female,0,Yes,No,2,Yes,Yes,Fiber optic,No,No,No,No,Yes,No,Month-to-month,Yes,Electronic check,84.05,134.05,0,2,67.025,3,1,0,1,1,New,0.7118690248694698,1,HIGH,Offer a longer-term contract with an incentive. Provide an early-tenure retention offer or onboarding support. Review pricing and offer a suitable plan or discount.
2645-QTLMB,Male,0,No,No,7,Yes,No,Fiber optic,No,Yes,No,No,Yes,Yes,Month-to-month,Yes,Electronic check,94.25,669.0,1,7,95.57142857142856,4,1,0,1,1,New,0.7147084255138074,1,HIGH,Offer a longer-term contract with an incentive. Provide an early-tenure retention offer or onboarding support. Review pricing and offer a suitable plan or discount.
4806-HIPDW,Female,0,Yes,No,1,Yes,No,Fiber optic,No,No,No,No,No,No,Month-to-month,Yes,Electronic check,68.95,68.95,1,1,68.95,1,1,0,1,0,New,0.8323489942404114,1,HIGH,Offer a longer-term contract with an incentive. Provide an early-tenure retention offer or onboarding support. Offer technical support or a support package.
4424-TKOPW,Male,1,No,No,2,Yes,Yes,Fiber optic,No,No,No,No,Yes,Yes,Month-to-month,Yes,Electronic check,93.85,196.75,1,2,98.375,4,1,0,1,1,New,0.8823303242702508,1,HIGH,Offer a longer-term contract with an incentive. Provide an early-tenure retention offer or onboarding support. Review pricing and offer a suitable plan or discount.
8443-ZRDBZ,Male,0,No,No,4,Yes,Yes,Fiber optic,No,No,No,No,No,No,Month-to-month,Yes,Electronic check,76.05,318.9,1,4,79.725,2,1,0,1,1,New,0.7368059500731321,1,HIGH,Offer a longer-term contract with an incentive. Provide an early-tenure retention offer or onboarding support. Offer technical support or a support package.
7479-NITWS,Male,0,No,No,7,Yes,Yes,Fiber optic,No,No,Yes,No,Yes,No,Month-to-month,Yes,Credit card (automatic),89.35,631.85,1,7,90.26428571428572,4,1,1,1,1,New,0.783262781276858,1,HIGH,Offer a longer-term contract with an incentive. Provide an early-tenure retention offer or onboarding support. Review pricing and offer a suitable plan or discount.
5960-WPXQM,Male,0,No,No,1,Yes,No,Fiber optic,No,No,No,No,Yes,No,Month-to-month,Yes,Electronic check,79.05,79.05,1,1,79.05,2,1,0,1,1,New,0.8845530561330383,1,HIGH,Offer a longer-term contract with an incentive. Provide an early-tenure retention offer or onboarding support. Offer technical support or a support package.
0684-AOSIH,Male,0,Yes,No,1,Yes,No,Fiber optic,Yes,No,No,No,Yes,Yes,Month-to-month,Yes,Electronic check,95.0,95.0,1,1,95.0,4,1,0,1,1,New,0.8163660808695656,1,HIGH,Offer a longer-term contract with an incentive. Provide an early-tenure retention offer or onboarding support. Review pricing and offer a suitable plan or discount.
8337-UPOAQ,Male,1,Yes,No,10,Yes,Yes,Fiber optic,No,No,Yes,No,No,Yes,Month-to-month,Yes,Electronic check,89.8,914.3,1,10,91.43,4,1,0,1,1,New,0.8094966033410074,1,HIGH,Offer a longer-term contract with an incentive. Provide an early-tenure retention offer or onboarding support. Review pricing and offer a suitable plan or discount.
8644-XLFBW,Male,1,No,No,1,Yes,No,Fiber optic,No,No,No,No,No,No,Month-to-month,Yes,Electronic check,71.65,71.65,1,1,71.65,1,1,0,1,1,New,0.8130672251742801,1,HIGH,Offer a longer-term contract with an incentive. Provide an early-tenure retention offer or onboarding support. Offer technical support or a support package.
8625-AZYZY,Male,0,Yes,No,24,Yes,Yes,Fiber optic,No,Yes,Yes,No,Yes,Yes,Month-to-month,Yes,Electronic check,104.65,2542.45,1,24,105.93541666666664,6,1,0,0,1,Established,0.7303808798058715,1,HIGH,Offer a longer-term contract with an incentive. Review pricing and offer a suitable plan or discount. Offer technical support or a support package.
9306-CPCBC,Female,0,No,No,3,Yes,Yes,Fiber optic,No,No,No,No,No,No,Month-to-month,Yes,Electronic check,74.25,210.3,1,3,70.10000000000001,2,1,0,1,1,New,0.7482469040623678,1,HIGH,Offer a longer-term contract with an incentive. Provide an early-tenure retention offer or onboarding support. Offer technical support or a support package.
1833-VGRUM,Female,1,No,No,1,Yes,Yes,Fiber optic,No,No,No,No,No,No,Month-to-month,Yes,Electronic check,74.2,74.2,1,1,74.2,2,1,0,1,1,New,0.8716670394738315,1,HIGH,Offer a longer-term contract with an incentive. Provide an early-tenure retention offer or onboarding support. Offer technical support or a support package.
6137-NICCO,Female,0,Yes,Yes,6,Yes,Yes,Fiber optic,No,Yes,Yes,No,Yes,No,Month-to-month,Yes,Mailed check,94.05,518.75,0,6,86.45833333333333,5,1,0,1,1,New,0.7262281411154582,1,HIGH,Offer a longer-term contract with an incentive. Provide an early-tenure retention offer or onboarding support. Review pricing and offer a suitable plan or discount.
2656-TABEH,Male,0,Yes,No,4,Yes,Yes,Fiber optic,No,Yes,No,No,Yes,Yes,Month-to-month,Yes,Electronic check,100.2,420.2,1,4,105.05,5,1,0,1,1,New,0.8669452075732094,1,HIGH,Offer a longer-term contract with an incentive. Provide an early-tenure retention offer or onboarding support. Review pricing and offer a suitable plan or discount.
0812-WUPTB,Male,1,Yes,No,1,Yes,No,Fiber optic,No,No,No,No,No,No,Month-to-month,No,Mailed check,70.85,70.85,1,1,70.85,1,0,0,1,1,New,0.7655591920330617,1,HIGH,Offer a longer-term contract with an incentive. Provide an early-tenure retention offer or onboarding support. Offer technical support or a support package.
5299-SJCZT,Male,0,No,No,3,Yes,Yes,Fiber optic,No,No,Yes,No,Yes,Yes,Month-to-month,Yes,Bank transfer (automatic),101.55,298.35,1,3,99.45,5,1,1,1,1,New,0.8782603518533307,1,HIGH,Offer a longer-term contract with an incentive. Provide an early-tenure retention offer or onboarding support. Review pricing and offer a suitable plan or discount.
4090-KPJIP,Female,0,No,No,3,Yes,Yes,Fiber optic,No,No,No,No,No,No,Month-to-month,Yes,Electronic check,74.95,212.4,0,3,70.8,2,1,0,1,1,New,0.7311498749218952,1,HIGH,Offer a longer-term contract with an incentive. Provide an early-tenure retention offer or onboarding support. Offer technical support or a support package.
6086-ESGRL,Female,0,No,No,1,Yes,No,Fiber optic,No,No,No,No,No,Yes,Month-to-month,No,Credit card (automatic),80.15,80.15,1,1,80.15,2,0,1,1,1,New,0.8021372763434085,1,HIGH,Offer a longer-term contract with an incentive. Provide an early-tenure retention offer or onboarding support. Review pricing and offer a suitable plan or discount.
6372-RFVNS,Female,0,Yes,No,1,Yes,No,Fiber optic,No,No,No,No,Yes,No,Month-to-month,No,Electronic check,78.8,78.8,1,1,78.8,2,0,0,1,1,New,0.8494974643987925,1,HIGH,Offer a longer-term contract with an incentive. Provide an early-tenure retention offer or onboarding support. Offer technical support or a support package.
3871-IKPYH,Male,1,No,No,1,Yes,No,Fiber optic,No,No,No,No,No,No,Month-to-month,No,Electronic check,69.1,69.1,1,1,69.1,1,0,0,1,0,New,0.810491412440036,1,HIGH,Offer a longer-term contract with an incentive. Provide an early-tenure retention offer or onboarding support. Offer technical support or a support package.
9025-AOMKI,Female,0,No,No,6,Yes,Yes,Fiber optic,No,No,No,No,Yes,Yes,Month-to-month,Yes,Bank transfer (automatic),93.55,536.4,1,6,89.39999999999999,4,1,1,1,1,New,0.808399711279951,1,HIGH,Offer a longer-term contract with an incentive. Provide an early-tenure retention offer or onboarding support. Review pricing and offer a suitable plan or discount.
5275-SQEIZ,Male,0,No,No,1,Yes,No,Fiber optic,No,No,No,No,No,Yes,Month-to-month,Yes,Mailed check,80.85,80.85,1,1,80.85,2,1,0,1,1,New,0.8484863082442851,1,HIGH,Offer a longer-term contract with an incentive. Provide an early-tenure retention offer or onboarding support. Review pricing and offer a suitable plan or discount.
1304-NECVQ,Female,1,No,No,2,Yes,Yes,Fiber optic,No,No,Yes,No,No,No,Month-to-month,Yes,Electronic check,78.55,149.55,1,2,74.775,3,1,0,1,1,New,0.7699570181745342,1,HIGH,Offer a longer-term contract with an incentive. Provide an early-tenure retention offer or onboarding support. Offer technical support or a support package.
8945-GRKHX,Female,0,No,Yes,1,Yes,No,Fiber optic,No,No,No,No,No,Yes,Month-to-month,No,Electronic check,78.65,78.65,1,1,78.65,2,0,0,1,1,New,0.8410905701057984,1,HIGH,Offer a longer-term contract with an incentive. Provide an early-tenure retention offer or onboarding support. Offer technical support or a support package.
4587-VVTOX,Female,0,Yes,No,6,Yes,Yes,Fiber optic,No,Yes,Yes,No,Yes,Yes,Month-to-month,Yes,Electronic check,105.3,545.2,1,6,90.86666666666667,6,1,0,1,1,New,0.8577743777739738,1,HIGH,Offer a longer-term contract with an incentive. Provide an early-tenure retention offer or onboarding support. Review pricing and offer a suitable plan or discount.
8972-HJWNV,Female,1,Yes,No,7,Yes,Yes,Fiber optic,No,No,No,No,No,Yes,Month-to-month,Yes,Electronic check,84.55,646.85,1,7,92.40714285714286,3,1,0,1,1,New,0.8544405548727623,1,HIGH,Offer a longer-term contract with an incentive. Provide an early-tenure retention offer or onboarding support. Review pricing and offer a suitable plan or discount.
2920-RNCEZ,Male,0,Yes,Yes,1,Yes,No,Fiber optic,No,No,No,No,No,No,Month-to-month,Yes,Credit card (automatic),69.95,69.95,0,1,69.95,1,1,1,1,0,New,0.7508594217911646,1,HIGH,Offer a longer-term contract with an incentive. Provide an early-tenure retention offer or onboarding support. Offer technical support or a support package.
1200-TUZHR,Female,1,No,No,8,Yes,Yes,Fiber optic,No,No,No,No,No,Yes,Month-to-month,No,Electronic check,85.2,695.75,0,8,86.96875,3,0,0,1,1,New,0.7265861706369596,1,HIGH,Offer a longer-term contract with an incentive. Provide an early-tenure retention offer or onboarding support. Review pricing and offer a suitable plan or discount.
1334-FJSVR,Male,0,No,No,1,No,No phone service,DSL,No,No,No,No,No,No,Month-to-month,Yes,Electronic check,24.25,24.25,1,1,24.25,0,1,0,1,0,New,0.7490228530700844,1,HIGH,Offer a longer-term contract with an incentive. Provide an early-tenure retention offer or onboarding support. Offer technical support or a support package.
1731-TVIUK,Female,0,No,No,4,Yes,Yes,Fiber optic,No,Yes,No,Yes,No,Yes,Month-to-month,Yes,Electronic check,93.5,362.2,1,4,90.55,5,1,0,1,1,New,0.72899235638277,1,HIGH,Offer a longer-term contract with an incentive. Provide an early-tenure retention offer or onboarding support. Review pricing and offer a suitable plan or discount.
6615-NGGZJ,Male,0,No,No,14,Yes,Yes,Fiber optic,No,Yes,No,No,Yes,Yes,Month-to-month,Yes,Electronic check,100.55,1415.55,1,14,101.11071428571428,5,1,0,0,1,Established,0.7299391295939708,1,HIGH,Offer a longer-term contract with an incentive. Review pricing and offer a suitable plan or discount. Offer technical support or a support package.
8161-QYMTT,Male,0,No,No,7,Yes,Yes,Fiber optic,No,No,No,No,Yes,Yes,Month-to-month,Yes,Electronic check,94.1,701.3,0,7,100.18571428571428,4,1,0,1,1,New,0.8204323521250645,1,HIGH,Offer a longer-term contract with an incentive. Provide an early-tenure retention offer or onboarding support. Review pricing and offer a suitable plan or discount.
1915-IOFGU,Female,0,No,No,1,Yes,No,Fiber optic,No,No,No,No,No,No,Month-to-month,No,Electronic check,70.5,70.5,1,1,70.5,1,0,0,1,1,New,0.7730728067473597,1,HIGH,Offer a longer-term contract with an incentive. Provide an early-tenure retention offer or onboarding support. Offer technical support or a support package.
3045-XETSH,Female,0,No,No,10,Yes,Yes,Fiber optic,No,Yes,Yes,No,No,Yes,Month-to-month,Yes,Electronic check,94.85,953.45,1,10,95.345,5,1,0,1,1,New,0.7656448012826079,1,HIGH,Offer a longer-term contract with an incentive. Provide an early-tenure retention offer or onboarding support. Review pricing and offer a suitable plan or discount.
0916-QOFDP,Female,1,Yes,Yes,14,Yes,Yes,Fiber optic,No,No,No,No,Yes,Yes,Month-to-month,Yes,Electronic check,95.8,1346.3,0,14,96.16428571428573,4,1,0,0,1,Established,0.7195282417760206,1,HIGH,Offer a longer-term contract with an incentive. Review pricing and offer a suitable plan or discount. Offer technical support or a support package.
7665-TOALD,Female,0,No,No,1,Yes,No,Fiber optic,No,No,No,No,No,No,Month-to-month,Yes,Electronic check,69.6,69.6,1,1,69.6,1,1,0,1,0,New,0.8323489942404114,1,HIGH,Offer a longer-term contract with an incentive. Provide an early-tenure retention offer or onboarding support. Offer technical support or a support package.
2777-PHDEI,Female,0,No,No,1,Yes,No,Fiber optic,No,No,No,No,Yes,No,Month-to-month,No,Electronic check,78.05,78.05,1,1,78.05,2,0,0,1,1,New,0.8494974643987925,1,HIGH,Offer a longer-term contract with an incentive. Provide an early-tenure retention offer or onboarding support. Offer technical support or a support package.
4282-YMKNA,Female,0,No,No,9,Yes,Yes,Fiber optic,No,No,No,No,No,No,Month-to-month,Yes,Electronic check,74.75,706.6,1,9,78.51111111111112,2,1,0,1,1,New,0.7159539383158474,1,HIGH,Offer a longer-term contract with an incentive. Provide an early-tenure retention offer or onboarding support. Offer technical support or a support package.
9189-JWSHV,Female,1,Yes,No,24,Yes,Yes,Fiber optic,No,No,No,No,Yes,Yes,Month-to-month,Yes,Electronic check,93.55,2264.05,1,24,94.33541666666667,4,1,0,0,1,Established,0.7675206525050106,1,HIGH,Offer a longer-term contract with an incentive. Review pricing and offer a suitable plan or discount. Offer technical support or a support package.
5597-GLBUC,Female,0,No,No,1,Yes,No,Fiber optic,No,No,Yes,No,Yes,No,Month-to-month,Yes,Electronic check,85.45,85.45,1,1,85.45,3,1,0,1,1,New,0.8375059390266173,1,HIGH,Offer a longer-term contract with an incentive. Provide an early-tenure retention offer or onboarding support. Review pricing and offer a suitable plan or discount.
4229-CZMLL,Male,0,No,No,6,Yes,Yes,Fiber optic,No,No,No,No,No,No,Month-to-month,Yes,Electronic check,74.9,469.8,1,6,78.3,2,1,0,1,1,New,0.7460550120150937,1,HIGH,Offer a longer-term contract with an incentive. Provide an early-tenure retention offer or onboarding support. Offer technical support or a support package.
7858-GTZSP,Female,0,No,No,12,Yes,Yes,Fiber optic,No,No,No,No,No,Yes,Month-to-month,Yes,Electronic check,86.55,1066.9,0,12,88.90833333333335,3,1,0,1,1,New,0.7383935485502606,1,HIGH,Offer a longer-term contract with an incentive. Provide an early-tenure retention offer or onboarding support. Review pricing and offer a suitable plan or discount.
5482-PLVPE,Female,1,No,No,2,No,No phone service,DSL,No,No,No,No,No,No,Month-to-month,No,Electronic check,24.35,41.85,1,2,20.925,0,0,0,1,0,New,0.7181210376405319,1,HIGH,Offer a longer-term contract with an incentive. Provide an early-tenure retention offer or onboarding support. Offer technical support or a support package.
0495-ZBNGW,Male,1,Yes,No,5,Yes,Yes,Fiber optic,No,No,Yes,No,No,No,Month-to-month,Yes,Bank transfer (automatic),79.9,343.95,1,5,68.78999999999999,3,1,1,1,1,New,0.7437473090354068,1,HIGH,Offer a longer-term contract with an incentive. Provide an early-tenure retention offer or onboarding support. Offer technical support or a support package.
5797-APWZC,Female,0,No,No,1,Yes,No,Fiber optic,No,No,No,No,Yes,Yes,Month-to-month,No,Electronic check,90.6,90.6,1,1,90.6,3,0,0,1,1,New,0.8459287166912011,1,HIGH,Offer a longer-term contract with an incentive. Provide an early-tenure retention offer or onboarding support. Review pricing and offer a suitable plan or discount.
4228-ZGYUW,Male,0,No,No,4,Yes,Yes,Fiber optic,No,Yes,No,No,No,Yes,Month-to-month,Yes,Electronic check,90.05,368.1,1,4,92.025,4,1,0,1,1,New,0.8111313037039479,1,HIGH,Offer a longer-term contract with an incentive. Provide an early-tenure retention offer or onboarding support. Review pricing and offer a suitable plan or discount.
3519-ZKXGG,Female,0,Yes,No,3,Yes,Yes,Fiber optic,No,No,No,No,No,No,Month-to-month,Yes,Electronic check,75.85,256.6,1,3,85.53333333333335,2,1,0,1,1,New,0.7878002470170936,1,HIGH,Offer a longer-term contract with an incentive. Provide an early-tenure retention offer or onboarding support. Offer technical support or a support package.
6416-TVAIH,Male,0,Yes,Yes,1,Yes,No,Fiber optic,No,No,No,No,No,No,Month-to-month,Yes,Electronic check,68.5,68.5,1,1,68.5,1,1,0,1,0,New,0.8288642216748966,1,HIGH,Offer a longer-term contract with an incentive. Provide an early-tenure retention offer or onboarding support. Offer technical support or a support package.
3066-RRJIO,Female,0,No,No,1,Yes,No,Fiber optic,No,No,No,No,No,No,Month-to-month,Yes,Mailed check,69.95,69.95,1,1,69.95,1,1,0,1,0,New,0.786948545859094,1,HIGH,Offer a longer-term contract with an incentive. Provide an early-tenure retention offer or onboarding support. Offer technical support or a support package.
1567-DSCIC,Male,0,No,No,8,Yes,Yes,Fiber optic,No,Yes,Yes,No,Yes,No,Month-to-month,Yes,Electronic check,94.0,773.65,1,8,96.70625,5,1,0,1,1,New,0.7780082237444298,1,HIGH,Offer a longer-term contract with an incentive. Provide an early-tenure retention offer or onboarding support. Review pricing and offer a suitable plan or discount.
5442-UTCVD,Male,0,No,Yes,3,Yes,Yes,Fiber optic,No,No,Yes,No,No,Yes,Month-to-month,No,Electronic check,91.85,257.05,1,3,85.68333333333334,4,0,0,1,1,New,0.7019721377719965,1,HIGH,Offer a longer-term contract with an incentive. Provide an early-tenure retention offer or onboarding support. Review pricing and offer a suitable plan or discount.
4597-NUCQV,Male,1,No,No,24,Yes,Yes,Fiber optic,No,Yes,No,No,Yes,Yes,Month-to-month,Yes,Electronic check,101.25,2440.15,1,24,101.67291666666668,5,1,0,0,1,Established,0.7154082582788501,1,HIGH,Offer a longer-term contract with an incentive. Review pricing and offer a suitable plan or discount. Offer technical support or a support package.
9019-QVLZD,Female,0,No,No,1,Yes,No,Fiber optic,No,No,No,No,Yes,No,Month-to-month,No,Electronic check,79.55,79.55,1,1,79.55,2,0,0,1,1,New,0.8534047926391901,1,HIGH,Offer a longer-term contract with an incentive. Provide an early-tenure retention offer or onboarding support. Offer technical support or a support package.
1455-ESIQH,Male,0,No,No,1,Yes,No,Fiber optic,No,No,No,No,Yes,Yes,Month-to-month,Yes,Electronic check,89.1,89.1,1,1,89.1,3,1,0,1,1,New,0.8085752334181181,1,HIGH,Offer a longer-term contract with an incentive. Provide an early-tenure retention offer or onboarding support. Review pricing and offer a suitable plan or discount.
7130-VTEWQ,Female,1,No,No,8,Yes,Yes,Fiber optic,No,No,No,No,No,No,Month-to-month,Yes,Electronic check,75.75,606.25,1,8,75.78125,2,1,0,1,1,New,0.7017886350455027,1,HIGH,Offer a longer-term contract with an incentive. Provide an early-tenure retention offer or onboarding support. Offer technical support or a support package.
7903-CMPEY,Male,1,Yes,No,1,Yes,Yes,Fiber optic,Yes,No,No,No,No,No,Month-to-month,Yes,Electronic check,80.3,80.3,1,1,80.3,3,1,0,1,1,New,0.8898865014880466,1,HIGH,Offer a longer-term contract with an incentive. Provide an early-tenure retention offer or onboarding support. Review pricing and offer a suitable plan or discount.
6996-KNSML,Female,0,No,No,1,Yes,No,Fiber optic,No,No,Yes,No,No,No,Month-to-month,Yes,Electronic check,74.9,74.9,1,1,74.9,2,1,0,1,1,New,0.8313060545510745,1,HIGH,Offer a longer-term contract with an incentive. Provide an early-tenure retention offer or onboarding support. Offer technical support or a support package.
1704-NRWYE,Female,1,No,No,9,Yes,No,Fiber optic,No,No,No,No,Yes,No,Month-to-month,Yes,Electronic check,80.85,751.65,1,9,83.51666666666667,2,1,0,1,1,New,0.7101271311266065,1,HIGH,Offer a longer-term contract with an incentive. Provide an early-tenure retention offer or onboarding support. Review pricing and offer a suitable plan or discount.
0023-HGHWL,Male,1,No,No,1,No,No phone service,DSL,No,No,No,No,No,No,Month-to-month,Yes,Electronic check,25.1,25.1,1,1,25.1,0,1,0,1,0,New,0.8137703600348031,1,HIGH,Offer a longer-term contract with an incentive. Provide an early-tenure retention offer or onboarding support. Offer technical support or a support package.
0515-YPMCW,Male,0,No,Yes,1,Yes,No,Fiber optic,No,No,No,No,No,No,Month-to-month,Yes,Mailed check,70.45,70.45,1,1,70.45,1,1,0,1,1,New,0.7827663771544384,1,HIGH,Offer a longer-term contract with an incentive. Provide an early-tenure retention offer or onboarding support. Offer technical support or a support package.
4749-OJKQU,Female,0,No,No,4,Yes,Yes,Fiber optic,No,No,No,No,No,No,Month-to-month,Yes,Electronic check,75.65,302.35,0,4,75.5875,2,1,0,1,1,New,0.7163873597793563,1,HIGH,Offer a longer-term contract with an incentive. Provide an early-tenure retention offer or onboarding support. Offer technical support or a support package.
6161-UUUTA,Male,1,No,No,3,Yes,No,Fiber optic,No,No,No,No,Yes,No,Month-to-month,Yes,Electronic check,79.9,260.9,1,3,86.96666666666665,2,1,0,1,1,New,0.7260823028627227,1,HIGH,Offer a longer-term contract with an incentive. Provide an early-tenure retention offer or onboarding support. Offer technical support or a support package.
1455-UGQVH,Male,0,Yes,No,10,Yes,Yes,Fiber optic,No,No,Yes,No,Yes,Yes,Month-to-month,Yes,Electronic check,98.5,1037.75,1,10,103.775,5,1,0,1,1,New,0.8691889435823654,1,HIGH,Offer a longer-term contract with an incentive. Provide an early-tenure retention offer or onboarding support. Review pricing and offer a suitable plan or discount.
3178-FESZO,Female,0,No,No,1,Yes,Yes,Fiber optic,No,Yes,No,No,Yes,Yes,Month-to-month,Yes,Credit card (automatic),100.25,100.25,1,1,100.25,5,1,1,1,1,New,0.9272674397753915,1,HIGH,Offer a longer-term contract with an incentive. Provide an early-tenure retention offer or onboarding support. Review pricing and offer a suitable plan or discount.
4603-JANFB,Male,0,No,No,1,Yes,No,Fiber optic,No,No,No,No,No,No,Month-to-month,Yes,Electronic check,69.85,69.85,1,1,69.85,1,1,0,1,0,New,0.8291181715869403,1,HIGH,Offer a longer-term contract with an incentive. Provide an early-tenure retention offer or onboarding support. Offer technical support or a support package.
7908-QCBCA,Female,0,Yes,No,1,Yes,No,Fiber optic,No,No,No,No,No,No,Month-to-month,Yes,Mailed check,69.4,69.4,1,1,69.4,1,1,0,1,0,New,0.7975344624778677,1,HIGH,Offer a longer-term contract with an incentive. Provide an early-tenure retention offer or onboarding support. Offer technical support or a support package.
6711-FLDFB,Female,0,No,No,7,Yes,Yes,Fiber optic,No,No,No,No,No,No,Month-to-month,Yes,Electronic check,74.9,541.15,1,7,77.30714285714285,2,1,0,1,1,New,0.7371708515305544,1,HIGH,Offer a longer-term contract with an incentive. Provide an early-tenure retention offer or onboarding support. Offer technical support or a support package.
7465-ZZRVX,Male,0,No,No,1,Yes,No,Fiber optic,No,No,No,No,No,No,Month-to-month,Yes,Electronic check,70.35,70.35,0,1,70.35,1,1,0,1,0,New,0.8206655655420206,1,HIGH,Offer a longer-term contract with an incentive. Provide an early-tenure retention offer or onboarding support. Offer technical support or a support package.
4702-IOQDC,Female,0,No,No,1,Yes,No,Fiber optic,No,No,No,No,No,No,Month-to-month,Yes,Electronic check,70.1,70.1,1,1,70.1,1,1,0,1,0,New,0.8240222801609292,1,HIGH,Offer a longer-term contract with an incentive. Provide an early-tenure retention offer or onboarding support. Offer technical support or a support package.
2013-SGDXK,Female,0,No,No,1,Yes,No,Fiber optic,No,Yes,No,No,Yes,No,Month-to-month,No,Electronic check,84.3,84.3,1,1,84.3,3,0,0,1,1,New,0.7619836484738927,1,HIGH,Offer a longer-term contract with an incentive. Provide an early-tenure retention offer or onboarding support. Review pricing and offer a suitable plan or discount.
2012-NWRPA,Female,1,Yes,No,11,Yes,Yes,Fiber optic,No,No,Yes,No,Yes,Yes,Month-to-month,Yes,Electronic check,99.55,1131.2,1,11,102.83636363636364,5,1,0,1,1,New,0.8593418346991103,1,HIGH,Offer a longer-term contract with an incentive. Provide an early-tenure retention offer or onboarding support. Review pricing and offer a suitable plan or discount.
8808-ELEHO,Male,1,No,No,8,Yes,Yes,Fiber optic,No,No,Yes,No,No,No,Month-to-month,Yes,Electronic check,81.25,585.95,1,8,73.24375,3,1,0,1,1,New,0.7660267651909701,1,HIGH,Offer a longer-term contract with an incentive. Provide an early-tenure retention offer or onboarding support. Review pricing and offer a suitable plan or discount.
3428-XZMAZ,Male,0,No,No,1,Yes,No,Fiber optic,No,No,No,No,No,No,Month-to-month,Yes,Electronic check,69.35,69.35,1,1,69.35,1,1,0,1,0,New,0.8291181715869403,1,HIGH,Offer a longer-term contract with an incentive. Provide an early-tenure retention offer or onboarding support. Offer technical support or a support package.
0318-QUUOB,Male,0,Yes,No,1,Yes,No,Fiber optic,No,No,No,No,Yes,No,Month-to-month,Yes,Electronic check,80.55,80.55,1,1,80.55,2,1,0,1,1,New,0.8666625296448225,1,HIGH,Offer a longer-term contract with an incentive. Provide an early-tenure retention offer or onboarding support. Review pricing and offer a suitable plan or discount.
1069-XAIEM,Female,1,No,No,1,Yes,Yes,Fiber optic,No,No,No,No,No,Yes,Month-to-month,Yes,Electronic check,85.05,85.05,1,1,85.05,3,1,0,1,1,New,0.9000640333694182,1,HIGH,Offer a longer-term contract with an incentive. Provide an early-tenure retention offer or onboarding support. Review pricing and offer a suitable plan or discount.
3440-JPSCL,Female,0,No,No,6,Yes,No,Fiber optic,No,No,Yes,Yes,Yes,Yes,Month-to-month,Yes,Mailed check,99.95,547.65,1,6,91.275,5,1,0,1,1,New,0.8335904407153535,1,HIGH,Offer a longer-term contract with an incentive. Provide an early-tenure retention offer or onboarding support. Review pricing and offer a suitable plan or discount.
2889-FPWRM,Male,0,Yes,No,72,Yes,Yes,Fiber optic,Yes,Yes,Yes,Yes,Yes,Yes,One year,Yes,Bank transfer (automatic),117.8,8684.8,1,72,120.6222222222222,8,1,1,0,1,Long-Term,0.8008404721664623,1,HIGH,Review pricing and offer a suitable plan or discount. Review fiber service experience and address possible service concerns.
4290-BSXUX,Male,0,Yes,No,3,Yes,Yes,Fiber optic,No,No,No,Yes,No,No,Month-to-month,Yes,Bank transfer (automatic),79.65,251.75,1,3,83.91666666666667,3,1,1,1,1,New,0.7178622987936943,1,HIGH,Offer a longer-term contract with an incentive. Provide an early-tenure retention offer or onboarding support. Recommend an online security service.
0325-XBFAC,Male,0,No,No,8,Yes,No,Fiber optic,No,No,Yes,No,Yes,Yes,Month-to-month,Yes,Electronic check,94.7,740.3,1,8,92.5375,4,1,0,1,1,New,0.7080612009114671,1,HIGH,Offer a longer-term contract with an incentive. Provide an early-tenure retention offer or onboarding support. Review pricing and offer a suitable plan or discount.
2462-XIIJB,Male,0,No,No,5,Yes,Yes,Fiber optic,No,No,Yes,No,Yes,No,Month-to-month,Yes,Electronic check,92.5,452.7,1,5,90.54,4,1,0,1,1,New,0.8637662728299206,1,HIGH,Offer a longer-term contract with an incentive. Provide an early-tenure retention offer or onboarding support. Review pricing and offer a suitable plan or discount.
7817-BOQPW,Female,0,No,No,2,Yes,Yes,Fiber optic,No,No,No,No,No,No,Month-to-month,Yes,Electronic check,75.55,166.3,1,2,83.15,2,1,0,1,1,New,0.816296859525006,1,HIGH,Offer a longer-term contract with an incentive. Provide an early-tenure retention offer or onboarding support. Offer technical support or a support package.
1853-UDXBW,Male,0,Yes,Yes,1,Yes,No,Fiber optic,No,No,No,No,No,No,Month-to-month,Yes,Electronic check,70.0,70.0,1,1,70.0,1,1,0,1,0,New,0.8204017750913208,1,HIGH,Offer a longer-term contract with an incentive. Provide an early-tenure retention offer or onboarding support. Offer technical support or a support package.
5032-MIYKT,Female,0,No,No,1,Yes,No,Fiber optic,No,No,No,No,No,No,Month-to-month,Yes,Mailed check,70.7,70.7,0,1,70.7,1,1,0,1,1,New,0.786948545859094,1,HIGH,Offer a longer-term contract with an incentive. Provide an early-tenure retention offer or onboarding support. Offer technical support or a support package.
0722-TROQR,Female,1,No,No,4,Yes,Yes,Fiber optic,No,No,No,No,No,No,Month-to-month,Yes,Electronic check,74.9,321.75,1,4,80.4375,2,1,0,1,1,New,0.7808948042650922,1,HIGH,Offer a longer-term contract with an incentive. Provide an early-tenure retention offer or onboarding support. Offer technical support or a support package.
3006-XIMLN,Female,0,No,Yes,2,Yes,Yes,Fiber optic,No,No,No,No,Yes,Yes,Month-to-month,Yes,Bank transfer (automatic),94.2,193.8,1,2,96.9,4,1,1,1,1,New,0.8346660096523316,1,HIGH,Offer a longer-term contract with an incentive. Provide an early-tenure retention offer or onboarding support. Review pricing and offer a suitable plan or discount.
9965-YOKZB,Male,1,No,No,9,Yes,Yes,Fiber optic,No,No,No,No,No,Yes,Month-to-month,Yes,Electronic check,83.85,790.15,1,9,87.79444444444444,3,1,0,1,1,New,0.810455001747199,1,HIGH,Offer a longer-term contract with an incentive. Provide an early-tenure retention offer or onboarding support. Review pricing and offer a suitable plan or discount.
4274-OWWYO,Male,0,No,No,1,Yes,No,Fiber optic,No,Yes,No,No,No,No,Month-to-month,Yes,Electronic check,74.35,74.35,1,1,74.35,2,1,0,1,1,New,0.8132190967267017,1,HIGH,Offer a longer-term contract with an incentive. Provide an early-tenure retention offer or onboarding support. Offer technical support or a support package.
2369-UAPKZ,Male,0,No,No,5,Yes,Yes,Fiber optic,No,Yes,Yes,No,Yes,Yes,Month-to-month,No,Mailed check,104.1,541.9,1,5,108.38,6,0,0,1,1,New,0.7762628093401177,1,HIGH,Offer a longer-term contract with an incentive. Provide an early-tenure retention offer or onboarding support. Review pricing and offer a suitable plan or discount.
0637-KVDLV,Male,0,No,No,2,Yes,Yes,Fiber optic,No,No,No,No,No,No,Month-to-month,Yes,Electronic check,76.5,162.45,1,2,81.225,2,1,0,1,1,New,0.8053249437162737,1,HIGH,Offer a longer-term contract with an incentive. Provide an early-tenure retention offer or onboarding support. Offer technical support or a support package.
8740-CRYFY,Male,0,No,No,1,Yes,No,Fiber optic,No,No,No,No,Yes,No,Month-to-month,Yes,Electronic check,78.95,78.95,1,1,78.95,2,1,0,1,1,New,0.8845530561330383,1,HIGH,Offer a longer-term contract with an incentive. Provide an early-tenure retention offer or onboarding support. Offer technical support or a support package.
1678-FYZOW,Female,0,No,No,3,Yes,No,Fiber optic,No,No,No,No,Yes,No,Month-to-month,Yes,Electronic check,79.4,244.65,1,3,81.55,2,1,0,1,1,New,0.7178311663324325,1,HIGH,Offer a longer-term contract with an incentive. Provide an early-tenure retention offer or onboarding support. Offer technical support or a support package.
0511-JTEOY,Female,0,No,No,1,Yes,No,Fiber optic,No,No,No,No,No,No,Month-to-month,No,Mailed check,71.1,71.1,1,1,71.1,1,0,0,1,1,New,0.7345138885345648,1,HIGH,Offer a longer-term contract with an incentive. Provide an early-tenure retention offer or onboarding support. Offer technical support or a support package.
9300-AGZNL,Male,1,No,No,1,Yes,Yes,Fiber optic,No,No,No,No,Yes,Yes,Month-to-month,Yes,Electronic check,94.0,94.0,1,1,94.0,4,1,0,1,1,New,0.9240449726578976,1,HIGH,Offer a longer-term contract with an incentive. Provide an early-tenure retention offer or onboarding support. Review pricing and offer a suitable plan or discount.
3389-YGYAI,Female,1,No,No,8,Yes,Yes,Fiber optic,No,Yes,Yes,No,Yes,Yes,Month-to-month,Yes,Electronic check,105.5,829.55,1,8,103.69375,6,1,0,1,1,New,0.8330939844234639,1,HIGH,Offer a longer-term contract with an incentive. Provide an early-tenure retention offer or onboarding support. Review pricing and offer a suitable plan or discount.
5134-IKDAY,Female,0,Yes,Yes,1,Yes,No,Fiber optic,No,No,No,No,No,No,Month-to-month,Yes,Electronic check,69.8,69.8,1,1,69.8,1,1,0,1,0,New,0.832098873394883,1,HIGH,Offer a longer-term contract with an incentive. Provide an early-tenure retention offer or onboarding support. Offer technical support or a support package.
5380-AFSSK,Female,0,No,No,5,Yes,Yes,Fiber optic,No,No,No,No,Yes,Yes,Month-to-month,Yes,Mailed check,93.9,486.85,1,5,97.37,4,1,0,1,1,New,0.8600447495044203,1,HIGH,Offer a longer-term contract with an incentive. Provide an early-tenure retention offer or onboarding support. Review pricing and offer a suitable plan or discount.
3765-JXVKY,Female,0,No,No,1,Yes,No,Fiber optic,No,Yes,No,No,No,No,Month-to-month,Yes,Electronic check,74.7,74.7,1,1,74.7,2,1,0,1,1,New,0.8166840575382189,1,HIGH,Offer a longer-term contract with an incentive. Provide an early-tenure retention offer or onboarding support. Offer technical support or a support package.
7330-WZLNC,Female,0,No,No,5,Yes,Yes,Fiber optic,No,Yes,No,No,Yes,No,Month-to-month,Yes,Electronic check,90.8,455.5,1,5,91.1,4,1,0,1,1,New,0.8180652544141628,1,HIGH,Offer a longer-term contract with an incentive. Provide an early-tenure retention offer or onboarding support. Review pricing and offer a suitable plan or discount.
5378-IKEEG,Female,0,No,No,1,No,No phone service,DSL,No,No,No,No,Yes,No,Month-to-month,Yes,Electronic check,35.75,35.75,1,1,35.75,1,1,0,1,0,New,0.7858191899659547,1,HIGH,Offer a longer-term contract with an incentive. Provide an early-tenure retention offer or onboarding support. Offer technical support or a support package.
4298-OYIFC,Male,0,Yes,No,15,Yes,Yes,Fiber optic,No,No,Yes,Yes,Yes,Yes,Month-to-month,Yes,Electronic check,103.45,1539.8,0,15,102.65333333333334,6,1,0,0,1,Established,0.747179229970649,1,HIGH,Offer a longer-term contract with an incentive. Review pricing and offer a suitable plan or discount. Recommend an online security service.
2612-RRIDN,Male,0,No,No,4,Yes,No,Fiber optic,No,No,No,No,Yes,No,Month-to-month,Yes,Electronic check,81.0,340.85,1,4,85.2125,2,1,0,1,1,New,0.7360139443176492,1,HIGH,Offer a longer-term contract with an incentive. Provide an early-tenure retention offer or onboarding support. Review pricing and offer a suitable plan or discount.
4735-ASGMA,Male,0,No,No,26,Yes,Yes,Fiber optic,No,No,Yes,No,Yes,Yes,Month-to-month,Yes,Electronic check,98.35,2515.3,1,26,96.7423076923077,5,1,0,0,1,Established,0.7155816147375306,1,HIGH,Offer a longer-term contract with an incentive. Review pricing and offer a suitable plan or discount. Offer technical support or a support package.
6892-EZDTG,Female,0,Yes,No,4,Yes,Yes,Fiber optic,No,Yes,No,No,Yes,No,Month-to-month,Yes,Electronic check,91.65,365.4,1,4,91.35,4,1,0,1,1,New,0.8180652544141628,1,HIGH,Offer a longer-term contract with an incentive. Provide an early-tenure retention offer or onboarding support. Review pricing and offer a suitable plan or discount.
9725-SCPZG,Male,0,No,Yes,1,Yes,No,Fiber optic,No,No,No,No,Yes,Yes,Month-to-month,Yes,Electronic check,90.85,90.85,1,1,90.85,3,1,0,1,1,New,0.8841183011683793,1,HIGH,Offer a longer-term contract with an incentive. Provide an early-tenure retention offer or onboarding support. Review pricing and offer a suitable plan or discount.
5884-GCYMI,Male,0,No,No,1,Yes,No,Fiber optic,No,No,No,No,No,No,Month-to-month,No,Mailed check,69.4,69.4,1,1,69.4,1,0,0,1,0,New,0.7424985690262962,1,HIGH,Offer a longer-term contract with an incentive. Provide an early-tenure retention offer or onboarding support. Offer technical support or a support package.
3217-FZDMN,Female,1,No,No,8,Yes,No,Fiber optic,No,No,Yes,No,Yes,Yes,Month-to-month,Yes,Credit card (automatic),94.45,742.95,1,8,92.86875,4,1,1,1,1,New,0.7254825652575078,1,HIGH,Offer a longer-term contract with an incentive. Provide an early-tenure retention offer or onboarding support. Review pricing and offer a suitable plan or discount.
3320-VEOYC,Male,1,No,No,14,Yes,Yes,Fiber optic,No,No,No,No,Yes,Yes,Month-to-month,Yes,Electronic check,95.6,1273.3,0,14,90.95,4,1,0,0,1,Established,0.7095701873614788,1,HIGH,Offer a longer-term contract with an incentive. Review pricing and offer a suitable plan or discount. Offer technical support or a support package.
6653-CBBOM,Female,0,No,No,1,Yes,No,Fiber optic,No,No,No,No,No,No,Month-to-month,Yes,Electronic check,70.3,70.3,1,1,70.3,1,1,0,1,0,New,0.8240222801609292,1,HIGH,Offer a longer-term contract with an incentive. Provide an early-tenure retention offer or onboarding support. Offer technical support or a support package.
4713-LZDRV,Female,1,No,No,2,Yes,No,Fiber optic,No,No,No,No,No,Yes,Month-to-month,Yes,Electronic check,79.6,195.05,1,2,97.525,2,1,0,1,1,New,0.774853634294661,1,HIGH,Offer a longer-term contract with an incentive. Provide an early-tenure retention offer or onboarding support. Offer technical support or a support package.
7354-OIJLX,Male,0,No,No,9,Yes,Yes,Fiber optic,No,No,No,No,No,No,Month-to-month,Yes,Electronic check,75.85,724.65,0,9,80.51666666666667,2,1,0,1,1,New,0.7063921273144733,1,HIGH,Offer a longer-term contract with an incentive. Provide an early-tenure retention offer or onboarding support. Offer technical support or a support package.
1602-IJQQE,Female,0,No,No,4,Yes,Yes,Fiber optic,No,No,No,No,No,No,Month-to-month,No,Electronic check,75.35,338.1,1,4,84.525,2,0,0,1,1,New,0.7298899839806411,1,HIGH,Offer a longer-term contract with an incentive. Provide an early-tenure retention offer or onboarding support. Offer technical support or a support package.
1746-TGTWV,Male,0,Yes,No,1,Yes,No,Fiber optic,No,No,Yes,No,No,No,Month-to-month,No,Credit card (automatic),75.35,75.35,0,1,75.35,2,0,1,1,1,New,0.7041380459561319,1,HIGH,Offer a longer-term contract with an incentive. Provide an early-tenure retention offer or onboarding support. Offer technical support or a support package.
8258-GSTJK,Male,1,No,No,3,Yes,Yes,Fiber optic,No,No,No,No,No,No,Month-to-month,Yes,Electronic check,77.0,237.75,1,3,79.25,2,1,0,1,1,New,0.8006278109022044,1,HIGH,Offer a longer-term contract with an incentive. Provide an early-tenure retention offer or onboarding support. Offer technical support or a support package.
9940-RHLFB,Female,0,No,No,1,Yes,No,Fiber optic,No,No,Yes,No,No,No,Month-to-month,No,Electronic check,75.3,75.3,1,1,75.3,2,0,0,1,1,New,0.7819072592951484,1,HIGH,Offer a longer-term contract with an incentive. Provide an early-tenure retention offer or onboarding support. Offer technical support or a support package.
8541-QVFKM,Female,0,No,No,8,Yes,Yes,Fiber optic,No,No,No,No,No,No,Month-to-month,Yes,Electronic check,73.5,632.2,0,8,79.025,2,1,0,1,1,New,0.7221945039205255,1,HIGH,Offer a longer-term contract with an incentive. Provide an early-tenure retention offer or onboarding support. Offer technical support or a support package.
4759-TRPLW,Male,0,No,No,1,Yes,No,Fiber optic,No,No,No,No,No,No,Month-to-month,No,Electronic check,70.4,70.4,1,1,70.4,1,0,0,1,1,New,0.7690166678623858,1,HIGH,Offer a longer-term contract with an incentive. Provide an early-tenure retention offer or onboarding support. Offer technical support or a support package.
2982-VPSGI,Female,0,Yes,No,11,Yes,Yes,Fiber optic,No,No,No,No,Yes,Yes,Month-to-month,Yes,Electronic check,94.0,1078.9,1,11,98.0818181818182,4,1,0,1,1,New,0.8164675994013338,1,HIGH,Offer a longer-term contract with an incentive. Provide an early-tenure retention offer or onboarding support. Review pricing and offer a suitable plan or discount.
6892-XPFPU,Male,1,Yes,No,24,Yes,Yes,Fiber optic,No,Yes,Yes,No,Yes,Yes,Month-to-month,Yes,Electronic check,104.25,2433.9,1,24,101.4125,6,1,0,0,1,Established,0.7154082582788501,1,HIGH,Offer a longer-term contract with an incentive. Review pricing and offer a suitable plan or discount. Offer technical support or a support package.
7577-SWIFR,Male,0,No,No,1,Yes,No,Fiber optic,No,No,No,No,Yes,Yes,Month-to-month,Yes,Electronic check,89.25,89.25,0,1,89.25,3,1,0,1,1,New,0.7909096930160973,1,HIGH,Offer a longer-term contract with an incentive. Provide an early-tenure retention offer or onboarding support. Review pricing and offer a suitable plan or discount.
9840-EFJQB,Female,0,No,No,1,Yes,No,Fiber optic,No,Yes,No,No,No,No,Month-to-month,No,Electronic check,74.35,74.35,0,1,74.35,2,0,0,1,1,New,0.7499421954868171,1,HIGH,Offer a longer-term contract with an incentive. Provide an early-tenure retention offer or onboarding support. Offer technical support or a support package.
8062-YBDOE,Male,1,No,No,1,Yes,No,Fiber optic,No,No,No,No,No,No,Month-to-month,Yes,Electronic check,69.65,69.65,1,1,69.65,1,1,0,1,0,New,0.8339818461249691,1,HIGH,Offer a longer-term contract with an incentive. Provide an early-tenure retention offer or onboarding support. Offer technical support or a support package.
3776-EKTKM,Female,1,No,No,1,No,No phone service,DSL,No,No,No,No,Yes,No,Month-to-month,Yes,Electronic check,36.45,36.45,1,1,36.45,1,1,0,1,0,New,0.8732968637895663,1,HIGH,Offer a longer-term contract with an incentive. Provide an early-tenure retention offer or onboarding support. Offer technical support or a support package.
8382-SHQEH,Female,0,Yes,No,8,Yes,Yes,Fiber optic,No,No,No,No,No,Yes,Month-to-month,Yes,Electronic check,84.9,764.95,1,8,95.61875,3,1,0,1,1,New,0.8452830583579711,1,HIGH,Offer a longer-term contract with an incentive. Provide an early-tenure retention offer or onboarding support. Review pricing and offer a suitable plan or discount.
4060-LDNLU,Male,0,No,No,7,Yes,Yes,Fiber optic,No,No,No,No,Yes,Yes,Month-to-month,No,Electronic check,96.2,639.7,0,7,91.38571428571429,4,0,0,1,1,New,0.7177254280925304,1,HIGH,Offer a longer-term contract with an incentive. Provide an early-tenure retention offer or onboarding support. Review pricing and offer a suitable plan or discount.
1075-BGWOH,Male,1,Yes,No,16,Yes,Yes,Fiber optic,No,No,Yes,No,Yes,Yes,Month-to-month,Yes,Electronic check,98.75,1587.55,1,16,99.221875,5,1,0,0,1,Established,0.7654077149778948,1,HIGH,Offer a longer-term contract with an incentive. Review pricing and offer a suitable plan or discount. Offer technical support or a support package.
1981-INRFU,Female,0,No,No,2,Yes,No,Fiber optic,No,No,No,No,Yes,No,Month-to-month,Yes,Electronic check,79.75,164.5,1,2,82.25,2,1,0,1,1,New,0.7329774194987073,1,HIGH,Offer a longer-term contract with an incentive. Provide an early-tenure retention offer or onboarding support. Offer technical support or a support package.
3338-CVVEH,Male,0,No,No,12,Yes,Yes,Fiber optic,No,No,No,No,Yes,Yes,Month-to-month,No,Electronic check,94.55,1173.55,0,12,97.79583333333332,4,0,0,1,1,New,0.7263679393927513,1,HIGH,Offer a longer-term contract with an incentive. Provide an early-tenure retention offer or onboarding support. Review pricing and offer a suitable plan or discount.
8780-IXSTS,Female,0,No,No,6,Yes,Yes,Fiber optic,No,Yes,No,No,Yes,No,Month-to-month,Yes,Electronic check,90.1,521.3,1,6,86.88333333333333,4,1,0,1,1,New,0.7843060630033228,1,HIGH,Offer a longer-term contract with an incentive. Provide an early-tenure retention offer or onboarding support. Review pricing and offer a suitable plan or discount.
0345-HKJVM,Female,0,No,No,6,Yes,No,Fiber optic,No,No,No,No,Yes,Yes,Month-to-month,No,Electronic check,89.3,577.6,1,6,96.26666666666668,3,0,0,1,1,New,0.7235630848921639,1,HIGH,Offer a longer-term contract with an incentive. Provide an early-tenure retention offer or onboarding support. Review pricing and offer a suitable plan or discount.
3049-SOLAY,Female,0,Yes,No,3,Yes,Yes,Fiber optic,No,No,No,No,Yes,Yes,Month-to-month,Yes,Electronic check,95.2,292.85,1,3,97.61666666666667,4,1,0,1,1,New,0.8604026411827547,1,HIGH,Offer a longer-term contract with an incentive. Provide an early-tenure retention offer or onboarding support. Review pricing and offer a suitable plan or discount.
8058-INTPH,Female,0,No,No,1,Yes,No,Fiber optic,No,No,No,No,Yes,No,Month-to-month,Yes,Electronic check,79.65,79.65,1,1,79.65,2,1,0,1,1,New,0.886878781786885,1,HIGH,Offer a longer-term contract with an incentive. Provide an early-tenure retention offer or onboarding support. Offer technical support or a support package.
8821-XNHVZ,Female,0,Yes,Yes,1,Yes,No,Fiber optic,No,No,No,No,Yes,No,Month-to-month,Yes,Mailed check,80.05,80.05,1,1,80.05,2,1,0,1,1,New,0.8675278561964492,1,HIGH,Offer a longer-term contract with an incentive. Provide an early-tenure retention offer or onboarding support. Review pricing and offer a suitable plan or discount.
1941-HOSAM,Male,0,Yes,Yes,1,Yes,No,Fiber optic,No,No,No,No,Yes,Yes,Month-to-month,Yes,Electronic check,90.1,90.1,0,1,90.1,3,1,0,1,1,New,0.828161405427169,1,HIGH,Offer a longer-term contract with an incentive. Provide an early-tenure retention offer or onboarding support. Review pricing and offer a suitable plan or discount.
2982-IHMFT,Female,1,No,No,1,Yes,Yes,Fiber optic,No,No,No,No,No,No,Month-to-month,Yes,Mailed check,74.45,74.45,1,1,74.45,2,1,0,1,1,New,0.8354367211189124,1,HIGH,Offer a longer-term contract with an incentive. Provide an early-tenure retention offer or onboarding support. Offer technical support or a support package.
4273-MBHYA,Female,0,No,Yes,1,Yes,No,Fiber optic,No,No,No,No,Yes,Yes,Month-to-month,Yes,Electronic check,89.35,89.35,0,1,89.35,3,1,0,1,1,New,0.7923642819802664,1,HIGH,Offer a longer-term contract with an incentive. Provide an early-tenure retention offer or onboarding support. Review pricing and offer a suitable plan or discount.
8065-YKXKD,Female,0,No,No,10,Yes,Yes,Fiber optic,No,No,No,No,No,No,Month-to-month,Yes,Electronic check,74.75,799.65,1,10,79.965,2,1,0,1,1,New,0.701555987012248,1,HIGH,Offer a longer-term contract with an incentive. Provide an early-tenure retention offer or onboarding support. Offer technical support or a support package.
7450-NWRTR,Male,1,No,No,12,Yes,Yes,Fiber optic,No,No,Yes,No,Yes,Yes,Month-to-month,Yes,Electronic check,99.45,1200.15,1,12,100.0125,5,1,0,1,1,New,0.7871196351352053,1,HIGH,Offer a longer-term contract with an incentive. Provide an early-tenure retention offer or onboarding support. Review pricing and offer a suitable plan or discount.
5376-DEQCP,Female,0,No,No,1,Yes,No,Fiber optic,No,No,No,No,No,No,Month-to-month,Yes,Electronic check,70.6,70.6,1,1,70.6,1,1,0,1,1,New,0.8240222801609292,1,HIGH,Offer a longer-term contract with an incentive. Provide an early-tenure retention offer or onboarding support. Offer technical support or a support package.
7932-WPTDS,Female,1,Yes,No,1,No,No phone service,DSL,No,No,No,No,No,No,Month-to-month,Yes,Electronic check,24.8,24.8,1,1,24.8,0,1,0,1,0,New,0.8071937403712013,1,HIGH,Offer a longer-term contract with an incentive. Provide an early-tenure retention offer or onboarding support. Offer technical support or a support package.
5959-BELXA,Male,1,No,No,32,Yes,Yes,Fiber optic,No,No,No,No,Yes,Yes,Month-to-month,Yes,Credit card (automatic),96.15,3019.25,1,32,94.3515625,4,1,1,0,1,Established,0.7001359668054815,1,HIGH,Offer a longer-term contract with an incentive. Review pricing and offer a suitable plan or discount. Offer technical support or a support package.
7503-ZGUZJ,Male,0,No,No,1,Yes,Yes,Fiber optic,No,No,No,No,Yes,No,Month-to-month,Yes,Mailed check,84.65,84.65,1,1,84.65,3,1,0,1,1,New,0.8483512534787655,1,HIGH,Offer a longer-term contract with an incentive. Provide an early-tenure retention offer or onboarding support. Review pricing and offer a suitable plan or discount.
2506-TNFCO,Female,1,Yes,No,1,Yes,No,Fiber optic,No,No,No,No,No,No,Month-to-month,Yes,Electronic check,69.55,69.55,1,1,69.55,1,1,0,1,0,New,0.8467570949823149,1,HIGH,Offer a longer-term contract with an incentive. Provide an early-tenure retention offer or onboarding support. Offer technical support or a support package.
2657-VPXTA,Female,0,Yes,Yes,10,Yes,No,Fiber optic,No,No,No,No,Yes,Yes,Month-to-month,Yes,Electronic check,88.85,929.45,0,10,92.945,3,1,0,1,1,New,0.7198773175157218,1,HIGH,Offer a longer-term contract with an incentive. Provide an early-tenure retention offer or onboarding support. Review pricing and offer a suitable plan or discount.
6437-UKHMV,Female,0,No,No,7,Yes,No,Fiber optic,No,No,No,No,Yes,No,Month-to-month,Yes,Electronic check,79.7,586.05,1,7,83.72142857142856,2,1,0,1,1,New,0.7213853889434275,1,HIGH,Offer a longer-term contract with an incentive. Provide an early-tenure retention offer or onboarding support. Offer technical support or a support package.
4912-PIGUY,Female,0,No,No,1,Yes,Yes,Fiber optic,No,No,No,No,Yes,No,Month-to-month,Yes,Electronic check,84.6,84.6,0,1,84.6,3,1,0,1,1,New,0.8702601611858142,1,HIGH,Offer a longer-term contract with an incentive. Provide an early-tenure retention offer or onboarding support. Review pricing and offer a suitable plan or discount.
6060-DRTNL,Female,1,No,No,5,Yes,No,Fiber optic,No,No,Yes,No,Yes,No,Month-to-month,Yes,Mailed check,84.85,415.55,1,5,83.11,3,1,0,1,1,New,0.7694493752698144,1,HIGH,Offer a longer-term contract with an incentive. Provide an early-tenure retention offer or onboarding support. Review pricing and offer a suitable plan or discount.
8473-VUVJN,Male,1,No,No,1,Yes,Yes,Fiber optic,No,No,No,No,No,No,Month-to-month,Yes,Electronic check,73.65,73.65,1,1,73.65,2,1,0,1,1,New,0.8752570988624021,1,HIGH,Offer a longer-term contract with an incentive. Provide an early-tenure retention offer or onboarding support. Offer technical support or a support package.
0196-VULGZ,Female,1,Yes,No,6,Yes,Yes,Fiber optic,No,No,No,No,No,Yes,Month-to-month,Yes,Electronic check,84.35,474.9,1,6,79.14999999999999,3,1,0,1,1,New,0.8158220872412899,1,HIGH,Offer a longer-term contract with an incentive. Provide an early-tenure retention offer or onboarding support. Review pricing and offer a suitable plan or discount.
1976-CFOCS,Female,1,Yes,No,1,Yes,No,DSL,No,No,No,No,No,No,Month-to-month,No,Electronic check,46.0,46.0,1,1,46.0,1,0,0,1,0,New,0.7025855622320573,1,HIGH,Offer a longer-term contract with an incentive. Provide an early-tenure retention offer or onboarding support. Offer technical support or a support package.
2619-WFQWU,Female,0,No,No,1,Yes,No,Fiber optic,No,No,No,No,No,No,Month-to-month,Yes,Mailed check,70.15,70.15,1,1,70.15,1,1,0,1,0,New,0.786948545859094,1,HIGH,Offer a longer-term contract with an incentive. Provide an early-tenure retention offer or onboarding support. Offer technical support or a support package.
4614-NUVZD,Female,0,No,No,1,Yes,No,Fiber optic,No,No,No,No,No,Yes,Month-to-month,Yes,Electronic check,81.1,81.1,1,1,81.1,2,1,0,1,1,New,0.8644369191131176,1,HIGH,Offer a longer-term contract with an incentive. Provide an early-tenure retention offer or onboarding support. Review pricing and offer a suitable plan or discount.
0329-GTIAJ,Female,0,No,No,3,Yes,No,Fiber optic,No,Yes,No,Yes,Yes,Yes,Month-to-month,Yes,Electronic check,97.9,315.3,1,3,105.1,5,1,0,1,1,New,0.7481475342642199,1,HIGH,Offer a longer-term contract with an incentive. Provide an early-tenure retention offer or onboarding support. Review pricing and offer a suitable plan or discount.
5550-VFRLC,Female,1,No,No,1,Yes,No,Fiber optic,No,No,No,No,No,No,Month-to-month,Yes,Electronic check,69.85,69.85,1,1,69.85,1,1,0,1,0,New,0.8467570949823149,1,HIGH,Offer a longer-term contract with an incentive. Provide an early-tenure retention offer or onboarding support. Offer technical support or a support package.
7228-OMTPN,Male,0,No,No,4,Yes,No,Fiber optic,No,No,No,No,Yes,Yes,Month-to-month,Yes,Electronic check,88.45,370.65,1,4,92.6625,3,1,0,1,1,New,0.7635258636844323,1,HIGH,Offer a longer-term contract with an incentive. Provide an early-tenure retention offer or onboarding support. Review pricing and offer a suitable plan or discount.
1320-HTRDR,Female,0,No,No,3,Yes,Yes,Fiber optic,No,No,No,No,No,No,Month-to-month,Yes,Electronic check,75.5,220.6,1,3,73.53333333333333,2,1,0,1,1,New,0.769929298366208,1,HIGH,Offer a longer-term contract with an incentive. Provide an early-tenure retention offer or onboarding support. Offer technical support or a support package.
9334-GWGOW,Male,1,Yes,No,7,Yes,Yes,Fiber optic,No,No,No,No,No,No,Month-to-month,Yes,Electronic check,74.85,485.25,0,7,69.32142857142857,2,1,0,1,1,New,0.730670896189514,1,HIGH,Offer a longer-term contract with an incentive. Provide an early-tenure retention offer or onboarding support. Offer technical support or a support package.
5028-HTLJB,Male,1,No,No,1,Yes,No,No,No internet service,No internet service,No internet service,No internet service,No internet service,No internet service,Month-to-month,No,Mailed check,20.05,20.05,1,1,20.05,1,0,0,1,0,New,0.7446885279860249,1,HIGH,Offer a longer-term contract with an incentive. Provide an early-tenure retention offer or onboarding support.
5393-RXQSZ,Male,0,No,No,1,Yes,No,Fiber optic,No,No,No,No,No,Yes,Month-to-month,No,Electronic check,79.6,79.6,1,1,79.6,2,0,0,1,1,New,0.84238386225149,1,HIGH,Offer a longer-term contract with an incentive. Provide an early-tenure retention offer or onboarding support. Offer technical support or a support package.
0231-LXVAP,Male,0,No,No,1,Yes,No,Fiber optic,No,No,No,Yes,No,No,Month-to-month,Yes,Electronic check,75.9,75.9,1,1,75.9,2,1,0,1,1,New,0.7122590481541373,1,HIGH,Offer a longer-term contract with an incentive. Provide an early-tenure retention offer or onboarding support. Recommend an online security service.
9444-JTXHZ,Male,0,Yes,No,1,Yes,No,Fiber optic,No,No,Yes,No,No,No,Month-to-month,No,Electronic check,76.2,76.2,1,1,76.2,2,0,0,1,1,New,0.855391777926099,1,HIGH,Offer a longer-term contract with an incentive. Provide an early-tenure retention offer or onboarding support. Offer technical support or a support package.
3244-DCJWY,Female,0,No,No,1,Yes,No,Fiber optic,No,No,No,No,No,No,Month-to-month,Yes,Electronic check,70.25,70.25,1,1,70.25,1,1,0,1,0,New,0.8240222801609292,1,HIGH,Offer a longer-term contract with an incentive. Provide an early-tenure retention offer or onboarding support. Offer technical support or a support package.
5229-PRWKT,Male,0,No,No,8,Yes,Yes,Fiber optic,No,No,No,No,No,Yes,Month-to-month,Yes,Electronic check,86.55,649.65,1,8,81.20625,3,1,0,1,1,New,0.7030783474762095,1,HIGH,Offer a longer-term contract with an incentive. Provide an early-tenure retention offer or onboarding support. Review pricing and offer a suitable plan or discount.
6982-UQZLY,Female,1,Yes,No,1,Yes,No,No,No internet service,No internet service,No internet service,No internet service,No internet service,No internet service,Month-to-month,Yes,Mailed check,20.85,20.85,1,1,20.85,1,1,0,1,0,New,0.7282989279362765,1,HIGH,Offer a longer-term contract with an incentive. Provide an early-tenure retention offer or onboarding support.
5196-SGOAK,Female,0,No,No,1,Yes,No,Fiber optic,No,Yes,No,No,No,No,Month-to-month,Yes,Electronic check,75.7,75.7,1,1,75.7,2,1,0,1,1,New,0.8740774628667176,1,HIGH,Offer a longer-term contract with an incentive. Provide an early-tenure retention offer or onboarding support. Offer technical support or a support package.
6108-OQZDQ,Female,0,Yes,Yes,4,Yes,Yes,Fiber optic,No,Yes,No,No,Yes,Yes,Month-to-month,Yes,Electronic check,97.95,384.5,1,4,96.125,5,1,0,1,1,New,0.8187766944317737,1,HIGH,Offer a longer-term contract with an incentive. Provide an early-tenure retention offer or onboarding support. Review pricing and offer a suitable plan or discount.
8042-JVNFH,Male,0,No,No,1,Yes,No,Fiber optic,No,No,No,No,No,No,Month-to-month,Yes,Mailed check,71.35,71.35,1,1,71.35,1,1,0,1,1,New,0.7830708292094962,1,HIGH,Offer a longer-term contract with an incentive. Provide an early-tenure retention offer or onboarding support. Offer technical support or a support package.
9985-MWVIX,Female,0,No,No,1,Yes,No,Fiber optic,No,No,No,No,No,No,Month-to-month,Yes,Mailed check,70.15,70.15,1,1,70.15,1,1,0,1,0,New,0.786948545859094,1,HIGH,Offer a longer-term contract with an incentive. Provide an early-tenure retention offer or onboarding support. Offer technical support or a support package.
4871-JTKJF,Female,1,No,No,1,Yes,No,Fiber optic,No,No,No,No,No,No,Month-to-month,Yes,Electronic check,69.65,69.65,1,1,69.65,1,1,0,1,0,New,0.8467570949823149,1,HIGH,Offer a longer-term contract with an incentive. Provide an early-tenure retention offer or onboarding support. Offer technical support or a support package.
1415-YFWLT,Female,1,No,No,1,Yes,No,Fiber optic,No,No,No,No,Yes,Yes,Month-to-month,Yes,Electronic check,89.3,89.3,1,1,89.3,3,1,0,1,1,New,0.8010930104410432,1,HIGH,Offer a longer-term contract with an incentive. Provide an early-tenure retention offer or onboarding support. Review pricing and offer a suitable plan or discount.
4548-SDBKE,Female,0,No,No,5,Yes,Yes,Fiber optic,No,No,No,No,Yes,No,Month-to-month,Yes,Electronic check,85.2,474.8,1,5,94.96,3,1,0,1,1,New,0.8601295413047907,1,HIGH,Offer a longer-term contract with an incentive. Provide an early-tenure retention offer or onboarding support. Review pricing and offer a suitable plan or discount.
4143-OOBWZ,Male,0,Yes,No,5,Yes,Yes,Fiber optic,No,Yes,No,No,No,No,Month-to-month,Yes,Electronic check,81.3,416.3,1,5,83.26,3,1,0,1,1,New,0.789222742853551,1,HIGH,Offer a longer-term contract with an incentive. Provide an early-tenure retention offer or onboarding support. Review pricing and offer a suitable plan or discount.
3422-LYEPQ,Male,0,Yes,Yes,1,Yes,No,Fiber optic,No,No,No,No,No,No,Month-to-month,Yes,Electronic check,71.0,71.0,1,1,71.0,1,1,0,1,1,New,0.8204017750913208,1,HIGH,Offer a longer-term contract with an incentive. Provide an early-tenure retention offer or onboarding support. Offer technical support or a support package.
2642-DTVCO,Male,1,No,No,9,Yes,Yes,Fiber optic,No,No,No,No,No,Yes,Month-to-month,Yes,Electronic check,85.05,746.5,1,9,82.94444444444444,3,1,0,1,1,New,0.8225704097050996,1,HIGH,Offer a longer-term contract with an incentive. Provide an early-tenure retention offer or onboarding support. Review pricing and offer a suitable plan or discount.
1363-TXLSL,Male,1,Yes,No,1,Yes,No,Fiber optic,No,No,No,No,No,No,Month-to-month,Yes,Electronic check,70.3,70.3,1,1,70.3,1,1,0,1,0,New,0.8130672251742801,1,HIGH,Offer a longer-term contract with an incentive. Provide an early-tenure retention offer or onboarding support. Offer technical support or a support package.
9507-EXLTT,Female,0,Yes,No,1,Yes,No,Fiber optic,No,No,No,No,Yes,No,Month-to-month,Yes,Bank transfer (automatic),79.35,79.35,1,1,79.35,2,1,1,1,1,New,0.8571935604023342,1,HIGH,Offer a longer-term contract with an incentive. Provide an early-tenure retention offer or onboarding support. Offer technical support or a support package.
9846-GKXAS,Female,0,No,No,9,Yes,No,Fiber optic,No,No,No,No,Yes,Yes,Month-to-month,Yes,Bank transfer (automatic),90.8,809.75,1,9,89.97222222222223,3,1,1,1,1,New,0.7216799558395887,1,HIGH,Offer a longer-term contract with an incentive. Provide an early-tenure retention offer or onboarding support. Review pricing and offer a suitable plan or discount.
2077-MPJQO,Male,1,Yes,No,7,Yes,Yes,Fiber optic,No,No,No,No,No,No,Month-to-month,Yes,Electronic check,75.4,533.05,0,7,76.14999999999999,2,1,0,1,1,New,0.7488740077870564,1,HIGH,Offer a longer-term contract with an incentive. Provide an early-tenure retention offer or onboarding support. Offer technical support or a support package.
4581-SSPWD,Female,0,No,No,3,Yes,Yes,Fiber optic,No,No,No,No,No,No,Month-to-month,Yes,Electronic check,75.8,246.3,1,3,82.10000000000001,2,1,0,1,1,New,0.8096546456994472,1,HIGH,Offer a longer-term contract with an incentive. Provide an early-tenure retention offer or onboarding support. Offer technical support or a support package.
7969-AULMZ,Female,0,No,No,21,Yes,Yes,Fiber optic,No,No,No,No,Yes,Yes,Month-to-month,Yes,Electronic check,97.35,2119.5,1,21,100.92857142857144,4,1,0,0,1,Established,0.744597797680031,1,HIGH,Offer a longer-term contract with an incentive. Review pricing and offer a suitable plan or discount. Offer technical support or a support package.
4550-EVXNY,Female,0,No,Yes,1,Yes,No,Fiber optic,No,No,No,No,No,No,Month-to-month,Yes,Electronic check,69.65,69.65,1,1,69.65,1,1,0,1,0,New,0.832098873394883,1,HIGH,Offer a longer-term contract with an incentive. Provide an early-tenure retention offer or onboarding support. Offer technical support or a support package.
2968-SSGAA,Female,0,No,No,10,Yes,Yes,Fiber optic,No,No,Yes,No,Yes,Yes,Month-to-month,Yes,Electronic check,100.6,1060.2,1,10,106.02,5,1,0,1,1,New,0.8689860249565677,1,HIGH,Offer a longer-term contract with an incentive. Provide an early-tenure retention offer or onboarding support. Review pricing and offer a suitable plan or discount.
4844-JJWUY,Female,1,No,No,1,Yes,No,Fiber optic,No,Yes,No,No,No,Yes,Month-to-month,Yes,Electronic check,86.0,86.0,1,1,86.0,3,1,0,1,1,New,0.8401352492373695,1,HIGH,Offer a longer-term contract with an incentive. Provide an early-tenure retention offer or onboarding support. Review pricing and offer a suitable plan or discount.
1628-BIZYP,Male,0,No,No,1,Yes,No,Fiber optic,No,Yes,No,No,No,Yes,Month-to-month,Yes,Electronic check,85.0,85.0,0,1,85.0,3,1,0,1,1,New,0.841962933583815,1,HIGH,Offer a longer-term contract with an incentive. Provide an early-tenure retention offer or onboarding support. Review pricing and offer a suitable plan or discount.
0011-IGKFF,Male,1,Yes,No,13,Yes,No,Fiber optic,No,Yes,Yes,No,Yes,Yes,Month-to-month,Yes,Electronic check,98.0,1237.85,1,13,95.21923076923076,5,1,0,0,1,Established,0.7126398392086888,1,HIGH,Offer a longer-term contract with an incentive. Review pricing and offer a suitable plan or discount. Offer technical support or a support package.
4192-GORJT,Male,0,Yes,No,5,Yes,No,Fiber optic,No,No,Yes,No,Yes,Yes,Month-to-month,Yes,Electronic check,94.45,498.1,1,5,99.62,4,1,0,1,1,New,0.7614051959201997,1,HIGH,Offer a longer-term contract with an incentive. Provide an early-tenure retention offer or onboarding support. Review pricing and offer a suitable plan or discount.
6496-SLWHQ,Male,1,No,No,3,Yes,Yes,Fiber optic,No,Yes,Yes,No,Yes,Yes,Month-to-month,Yes,Electronic check,105.0,294.45,1,3,98.15,6,1,0,1,1,New,0.8724402363263539,1,HIGH,Offer a longer-term contract with an incentive. Provide an early-tenure retention offer or onboarding support. Review pricing and offer a suitable plan or discount.
5383-MMTWC,Female,1,Yes,No,8,Yes,Yes,Fiber optic,No,No,No,No,No,Yes,Month-to-month,Yes,Electronic check,84.0,613.4,1,8,76.675,3,1,0,1,1,New,0.775047771984082,1,HIGH,Offer a longer-term contract with an incentive. Provide an early-tenure retention offer or onboarding support. Review pricing and offer a suitable plan or discount.
2202-CUYXZ,Male,0,No,No,1,Yes,No,Fiber optic,No,No,Yes,No,Yes,No,Month-to-month,Yes,Electronic check,84.85,84.85,1,1,84.85,3,1,0,1,1,New,0.834354718899749,1,HIGH,Offer a longer-term contract with an incentive. Provide an early-tenure retention offer or onboarding support. Review pricing and offer a suitable plan or discount.
9185-TQCVP,Male,0,Yes,No,14,Yes,Yes,Fiber optic,No,No,No,No,No,Yes,Month-to-month,Yes,Electronic check,85.15,1139.2,1,14,81.37142857142858,3,1,0,0,1,Established,0.7330777907416438,1,HIGH,Offer a longer-term contract with an incentive. Review pricing and offer a suitable plan or discount. Offer technical support or a support package.
5567-WSELE,Male,1,Yes,No,3,Yes,Yes,Fiber optic,No,No,No,No,Yes,Yes,Month-to-month,Yes,Electronic check,94.6,279.55,1,3,93.18333333333334,4,1,0,1,1,New,0.8610122011703661,1,HIGH,Offer a longer-term contract with an incentive. Provide an early-tenure retention offer or onboarding support. Review pricing and offer a suitable plan or discount.
3462-BJQQA,Female,0,No,No,6,Yes,Yes,Fiber optic,No,Yes,No,No,Yes,No,Month-to-month,Yes,Electronic check,89.75,552.65,0,6,92.10833333333332,4,1,0,1,1,New,0.8287612165046644,1,HIGH,Offer a longer-term contract with an incentive. Provide an early-tenure retention offer or onboarding support. Review pricing and offer a suitable plan or discount.
3727-RJMEO,Male,0,Yes,No,6,Yes,Yes,Fiber optic,No,No,No,No,Yes,No,Month-to-month,Yes,Electronic check,82.85,460.25,1,6,76.70833333333333,3,1,0,1,1,New,0.7780551253280756,1,HIGH,Offer a longer-term contract with an incentive. Provide an early-tenure retention offer or onboarding support. Review pricing and offer a suitable plan or discount.
5095-AESKG,Female,0,Yes,No,3,Yes,Yes,Fiber optic,No,Yes,No,No,No,Yes,Month-to-month,Yes,Credit card (automatic),91.5,242.95,1,3,80.98333333333333,4,1,1,1,1,New,0.7357920357327472,1,HIGH,Offer a longer-term contract with an incentive. Provide an early-tenure retention offer or onboarding support. Review pricing and offer a suitable plan or discount.
0519-XUZJU,Female,0,No,No,1,Yes,No,Fiber optic,No,No,No,No,No,No,Month-to-month,No,Mailed check,70.75,70.75,1,1,70.75,1,0,0,1,1,New,0.7345138885345648,1,HIGH,Offer a longer-term contract with an incentive. Provide an early-tenure retention offer or onboarding support. Offer technical support or a support package.
3797-VTIDR,Male,0,Yes,No,1,No,No phone service,DSL,No,No,No,No,No,No,Month-to-month,Yes,Electronic check,23.45,23.45,1,1,23.45,0,1,0,1,0,New,0.7947164582413508,1,HIGH,Offer a longer-term contract with an incentive. Provide an early-tenure retention offer or onboarding support. Offer technical support or a support package.
8775-LHDJH,Female,1,Yes,No,1,Yes,Yes,Fiber optic,No,Yes,No,No,Yes,No,Month-to-month,Yes,Electronic check,90.6,90.6,1,1,90.6,4,1,0,1,1,New,0.9066792916573078,1,HIGH,Offer a longer-term contract with an incentive. Provide an early-tenure retention offer or onboarding support. Review pricing and offer a suitable plan or discount.
3097-NQYSN,Male,1,Yes,No,2,Yes,Yes,Fiber optic,No,No,No,No,Yes,No,Month-to-month,Yes,Mailed check,86.85,156.35,1,2,78.175,3,1,0,1,1,New,0.7763799627463717,1,HIGH,Offer a longer-term contract with an incentive. Provide an early-tenure retention offer or onboarding support. Review pricing and offer a suitable plan or discount.
9605-WGJVW,Female,1,No,No,1,Yes,No,Fiber optic,No,No,No,No,No,No,Month-to-month,Yes,Electronic check,70.2,70.2,0,1,70.2,1,1,0,1,0,New,0.8165343677373056,1,HIGH,Offer a longer-term contract with an incentive. Provide an early-tenure retention offer or onboarding support. Offer technical support or a support package.
0871-URUWO,Male,0,Yes,No,13,Yes,Yes,Fiber optic,No,No,Yes,No,Yes,Yes,Month-to-month,Yes,Credit card (automatic),102.25,1359.0,1,13,104.53846153846152,5,1,1,0,1,Established,0.7653866989101372,1,HIGH,Offer a longer-term contract with an incentive. Review pricing and offer a suitable plan or discount. Offer technical support or a support package.
2868-MZAGQ,Male,0,No,No,1,Yes,No,Fiber optic,No,No,No,No,No,Yes,Month-to-month,Yes,Electronic check,79.25,79.25,1,1,79.25,2,1,0,1,1,New,0.8801835427556775,1,HIGH,Offer a longer-term contract with an incentive. Provide an early-tenure retention offer or onboarding support. Offer technical support or a support package.
6328-ZPBGN,Female,1,No,No,11,Yes,Yes,Fiber optic,No,No,No,No,Yes,Yes,Month-to-month,Yes,Bank transfer (automatic),95.15,997.65,1,11,90.69545454545454,4,1,1,1,1,New,0.7381115926304441,1,HIGH,Offer a longer-term contract with an incentive. Provide an early-tenure retention offer or onboarding support. Review pricing and offer a suitable plan or discount.
2867-UIMSS,Male,0,No,No,1,Yes,No,Fiber optic,No,No,No,No,No,Yes,Month-to-month,No,Electronic check,80.5,80.5,1,1,80.5,2,0,0,1,1,New,0.8192934945848347,1,HIGH,Offer a longer-term contract with an incentive. Provide an early-tenure retention offer or onboarding support. Review pricing and offer a suitable plan or discount.
4439-JMPMT,Female,0,Yes,Yes,5,Yes,No,Fiber optic,No,No,No,Yes,Yes,No,Month-to-month,Yes,Electronic check,85.75,470.95,1,5,94.19,3,1,0,1,1,New,0.7096022100166274,1,HIGH,Offer a longer-term contract with an incentive. Provide an early-tenure retention offer or onboarding support. Review pricing and offer a suitable plan or discount.
2446-BEGGB,Female,1,No,No,6,Yes,Yes,Fiber optic,No,Yes,No,No,Yes,Yes,Month-to-month,Yes,Electronic check,98.25,560.6,1,6,93.43333333333334,5,1,0,1,1,New,0.8803544055917103,1,HIGH,Offer a longer-term contract with an incentive. Provide an early-tenure retention offer or onboarding support. Review pricing and offer a suitable plan or discount.
1496-GGSUK,Female,1,No,No,1,No,No phone service,DSL,No,No,No,No,No,No,Month-to-month,Yes,Mailed check,25.7,25.7,1,1,25.7,0,1,0,1,0,New,0.7367645262904615,1,HIGH,Offer a longer-term contract with an incentive. Provide an early-tenure retention offer or onboarding support. Offer technical support or a support package.
3296-SILRA,Female,1,Yes,No,1,Yes,No,Fiber optic,No,Yes,No,No,No,No,Month-to-month,Yes,Mailed check,76.4,76.4,1,1,76.4,2,1,0,1,1,New,0.8717798699055407,1,HIGH,Offer a longer-term contract with an incentive. Provide an early-tenure retention offer or onboarding support. Offer technical support or a support package.
9681-OXGVC,Female,0,No,No,5,Yes,Yes,Fiber optic,No,No,Yes,No,Yes,Yes,Month-to-month,Yes,Electronic check,100.5,514.0,1,5,102.8,5,1,0,1,1,New,0.8859847192976127,1,HIGH,Offer a longer-term contract with an incentive. Provide an early-tenure retention offer or onboarding support. Review pricing and offer a suitable plan or discount.
7153-OANIO,Male,0,No,No,1,Yes,No,Fiber optic,No,No,No,No,No,No,Month-to-month,No,Electronic check,69.95,69.95,1,1,69.95,1,0,0,1,0,New,0.7690166678623858,1,HIGH,Offer a longer-term contract with an incentive. Provide an early-tenure retention offer or onboarding support. Offer technical support or a support package.
6521-YYTYI,Male,0,No,Yes,1,Yes,Yes,Fiber optic,No,No,No,No,Yes,Yes,Month-to-month,Yes,Electronic check,93.3,93.3,1,1,93.3,4,1,0,1,1,New,0.9038403496244073,1,HIGH,Offer a longer-term contract with an incentive. Provide an early-tenure retention offer or onboarding support. Review pricing and offer a suitable plan or discount.
1977-STDKI,Female,1,No,No,1,Yes,No,Fiber optic,No,Yes,No,No,No,No,Month-to-month,Yes,Electronic check,73.0,73.0,1,1,73.0,2,1,0,1,1,New,0.8438402597049468,1,HIGH,Offer a longer-term contract with an incentive. Provide an early-tenure retention offer or onboarding support. Offer technical support or a support package.
0328-GRPMV,Female,0,No,No,1,Yes,No,Fiber optic,No,No,No,No,No,No,Month-to-month,Yes,Electronic check,70.1,70.1,1,1,70.1,1,1,0,1,0,New,0.8240222801609292,1,HIGH,Offer a longer-term contract with an incentive. Provide an early-tenure retention offer or onboarding support. Offer technical support or a support package.
6956-SMUCM,Female,0,No,No,3,Yes,No,Fiber optic,Yes,No,Yes,No,Yes,Yes,Month-to-month,Yes,Credit card (automatic),99.0,287.4,1,3,95.8,5,1,1,1,1,New,0.7238837007717288,1,HIGH,Offer a longer-term contract with an incentive. Provide an early-tenure retention offer or onboarding support. Review pricing and offer a suitable plan or discount.
3422-GALYP,Male,0,No,No,2,Yes,Yes,Fiber optic,No,Yes,No,No,No,No,Month-to-month,Yes,Electronic check,79.45,145.15,0,2,72.575,3,1,0,1,1,New,0.729476441203239,1,HIGH,Offer a longer-term contract with an incentive. Provide an early-tenure retention offer or onboarding support. Offer technical support or a support package.
0754-UKWQP,Male,0,No,No,2,Yes,No,Fiber optic,No,No,Yes,No,Yes,Yes,Month-to-month,Yes,Electronic check,95.85,197.7,1,2,98.85,4,1,0,1,1,New,0.7756633411472363,1,HIGH,Offer a longer-term contract with an incentive. Provide an early-tenure retention offer or onboarding support. Review pricing and offer a suitable plan or discount.
7493-TPUWZ,Male,0,No,No,1,Yes,Yes,Fiber optic,No,Yes,No,No,No,No,Month-to-month,Yes,Electronic check,79.15,79.15,1,1,79.15,3,1,0,1,1,New,0.9010309874147858,1,HIGH,Offer a longer-term contract with an incentive. Provide an early-tenure retention offer or onboarding support. Offer technical support or a support package.
9330-IJWIO,Female,0,No,No,13,Yes,Yes,Fiber optic,Yes,No,No,No,Yes,Yes,Month-to-month,Yes,Electronic check,100.35,1358.85,1,13,104.52692307692308,5,1,0,0,1,Established,0.751080630766279,1,HIGH,Offer a longer-term contract with an incentive. Review pricing and offer a suitable plan or discount. Offer technical support or a support package.
8884-ADFVN,Male,1,Yes,No,7,Yes,Yes,Fiber optic,No,No,Yes,No,Yes,Yes,Month-to-month,Yes,Electronic check,101.95,700.85,1,7,100.12142857142858,5,1,0,1,1,New,0.8699439603881998,1,HIGH,Offer a longer-term contract with an incentive. Provide an early-tenure retention offer or onboarding support. Review pricing and offer a suitable plan or discount.
2720-WGKHP,Male,1,No,No,2,Yes,Yes,Fiber optic,No,No,No,No,Yes,Yes,Month-to-month,Yes,Electronic check,94.0,181.7,1,2,90.85,4,1,0,1,1,New,0.8607225536342922,1,HIGH,Offer a longer-term contract with an incentive. Provide an early-tenure retention offer or onboarding support. Review pricing and offer a suitable plan or discount.
9894-EZEWG,Female,0,No,No,1,Yes,No,Fiber optic,No,Yes,No,No,No,No,Month-to-month,Yes,Credit card (automatic),74.3,74.3,1,1,74.3,2,1,1,1,1,New,0.7400223631071956,1,HIGH,Offer a longer-term contract with an incentive. Provide an early-tenure retention offer or onboarding support. Offer technical support or a support package.
0702-PGIBZ,Male,0,No,Yes,4,Yes,Yes,Fiber optic,No,Yes,No,No,Yes,Yes,Month-to-month,Yes,Electronic check,101.7,364.55,1,4,91.1375,5,1,0,1,1,New,0.8503036692915056,1,HIGH,Offer a longer-term contract with an incentive. Provide an early-tenure retention offer or onboarding support. Review pricing and offer a suitable plan or discount.
3551-HUAZH,Male,1,No,No,1,Yes,Yes,Fiber optic,No,No,No,No,No,No,Month-to-month,Yes,Electronic check,74.4,74.4,1,1,74.4,2,1,0,1,1,New,0.8752570988624021,1,HIGH,Offer a longer-term contract with an incentive. Provide an early-tenure retention offer or onboarding support. Offer technical support or a support package.
9223-UCPVT,Female,0,No,No,1,Yes,No,Fiber optic,No,No,Yes,No,Yes,Yes,Month-to-month,No,Electronic check,94.4,94.4,1,1,94.4,4,0,0,1,1,New,0.8963692463057761,1,HIGH,Offer a longer-term contract with an incentive. Provide an early-tenure retention offer or onboarding support. Review pricing and offer a suitable plan or discount.
5419-JPRRN,Male,0,No,No,1,Yes,Yes,Fiber optic,No,No,Yes,No,Yes,Yes,Month-to-month,Yes,Electronic check,101.45,101.45,1,1,101.45,5,1,0,1,1,New,0.9387602903321586,1,HIGH,Offer a longer-term contract with an incentive. Provide an early-tenure retention offer or onboarding support. Review pricing and offer a suitable plan or discount.
0488-GSLFR,Female,0,No,No,1,Yes,No,Fiber optic,No,No,No,No,No,No,Month-to-month,Yes,Electronic check,69.5,69.5,1,1,69.5,1,1,0,1,0,New,0.8323489942404114,1,HIGH,Offer a longer-term contract with an incentive. Provide an early-tenure retention offer or onboarding support. Offer technical support or a support package.
9728-FTTVZ,Female,0,No,No,1,Yes,No,Fiber optic,No,No,No,No,No,No,Month-to-month,Yes,Electronic check,69.2,69.2,1,1,69.2,1,1,0,1,0,New,0.8323489942404114,1,HIGH,Offer a longer-term contract with an incentive. Provide an early-tenure retention offer or onboarding support. Offer technical support or a support package.
7254-IQWOZ,Male,0,No,No,1,Yes,No,Fiber optic,No,No,No,No,No,No,Month-to-month,Yes,Electronic check,69.65,69.65,1,1,69.65,1,1,0,1,0,New,0.8291181715869403,1,HIGH,Offer a longer-term contract with an incentive. Provide an early-tenure retention offer or onboarding support. Offer technical support or a support package.
0742-NXBGR,Female,0,No,No,1,Yes,No,Fiber optic,No,Yes,Yes,No,No,No,Month-to-month,Yes,Electronic check,82.3,82.3,1,1,82.3,3,1,0,1,1,New,0.8325628338194692,1,HIGH,Offer a longer-term contract with an incentive. Provide an early-tenure retention offer or onboarding support. Review pricing and offer a suitable plan or discount.
5889-LFOLL,Female,0,No,No,13,Yes,Yes,Fiber optic,No,No,No,No,No,Yes,Month-to-month,Yes,Electronic check,84.6,1115.2,1,13,85.78461538461539,3,1,0,0,1,Established,0.7961610391271977,1,HIGH,Offer a longer-term contract with an incentive. Review pricing and offer a suitable plan or discount. Offer technical support or a support package.
0616-ATFGB,Male,1,Yes,No,1,No,No phone service,DSL,No,No,No,No,No,No,Month-to-month,No,Electronic check,25.05,25.05,1,1,25.05,0,0,0,1,0,New,0.7791465841334911,1,HIGH,Offer a longer-term contract with an incentive. Provide an early-tenure retention offer or onboarding support. Offer technical support or a support package.
0220-EBGCE,Male,0,No,No,2,Yes,No,Fiber optic,No,No,Yes,No,No,Yes,Month-to-month,Yes,Electronic check,85.85,167.3,1,2,83.65,3,1,0,1,1,New,0.7320179848272297,1,HIGH,Offer a longer-term contract with an incentive. Provide an early-tenure retention offer or onboarding support. Review pricing and offer a suitable plan or discount.
7235-NXZCP,Male,1,No,No,2,Yes,Yes,Fiber optic,No,No,No,No,No,No,Month-to-month,Yes,Mailed check,74.85,156.4,1,2,78.2,2,1,0,1,1,New,0.7147184634537567,1,HIGH,Offer a longer-term contract with an incentive. Provide an early-tenure retention offer or onboarding support. Offer technical support or a support package.
1309-BXVOQ,Male,0,Yes,No,21,Yes,Yes,Fiber optic,No,No,Yes,Yes,Yes,Yes,Month-to-month,Yes,Electronic check,106.1,2249.95,1,21,107.14047619047618,6,1,0,0,1,Established,0.7103570336456516,1,HIGH,Offer a longer-term contract with an incentive. Review pricing and offer a suitable plan or discount. Recommend an online security service.
2856-HYAPG,Female,0,No,No,1,Yes,No,Fiber optic,No,No,No,No,No,No,Month-to-month,No,Electronic check,68.65,68.65,1,1,68.65,1,0,0,1,0,New,0.7831759471760678,1,HIGH,Offer a longer-term contract with an incentive. Provide an early-tenure retention offer or onboarding support. Offer technical support or a support package.
3621-CEOVK,Female,1,Yes,No,14,Yes,Yes,Fiber optic,No,Yes,No,No,Yes,Yes,Month-to-month,Yes,Electronic check,100.2,1369.8,1,14,97.84285714285714,5,1,0,0,1,Established,0.7319056781061687,1,HIGH,Offer a longer-term contract with an incentive. Review pricing and offer a suitable plan or discount. Offer technical support or a support package.
6969-MVBAI,Female,1,No,No,9,Yes,Yes,Fiber optic,No,No,Yes,No,Yes,No,Month-to-month,Yes,Electronic check,90.1,816.8,0,9,90.75555555555556,4,1,0,1,1,New,0.8181279589966354,1,HIGH,Offer a longer-term contract with an incentive. Provide an early-tenure retention offer or onboarding support. Review pricing and offer a suitable plan or discount.
1031-IIDEO,Female,0,No,No,1,Yes,No,Fiber optic,No,No,No,No,No,No,Month-to-month,Yes,Electronic check,70.85,70.85,1,1,70.85,1,1,0,1,1,New,0.8240222801609292,1,HIGH,Offer a longer-term contract with an incentive. Provide an early-tenure retention offer or onboarding support. Offer technical support or a support package.
1062-LHZOD,Male,0,Yes,Yes,1,Yes,No,Fiber optic,No,No,No,No,No,No,Month-to-month,Yes,Mailed check,69.9,69.9,1,1,69.9,1,1,0,1,0,New,0.7935055672715007,1,HIGH,Offer a longer-term contract with an incentive. Provide an early-tenure retention offer or onboarding support. Offer technical support or a support package.
6457-USBER,Male,0,No,No,1,Yes,No,Fiber optic,No,No,No,No,No,Yes,Month-to-month,Yes,Electronic check,80.8,80.8,1,1,80.8,2,1,0,1,1,New,0.8617217367684641,1,HIGH,Offer a longer-term contract with an incentive. Provide an early-tenure retention offer or onboarding support. Review pricing and offer a suitable plan or discount.
9248-OJYKK,Male,1,No,No,1,Yes,Yes,Fiber optic,No,No,No,No,No,No,Month-to-month,Yes,Electronic check,76.45,76.45,1,1,76.45,2,1,0,1,1,New,0.9221522550851654,1,HIGH,Offer a longer-term contract with an incentive. Provide an early-tenure retention offer or onboarding support. Offer technical support or a support package.
3398-FSHON,Female,1,No,No,12,Yes,Yes,Fiber optic,No,Yes,No,No,Yes,No,Month-to-month,Yes,Electronic check,91.3,1094.5,1,12,91.20833333333331,4,1,0,1,1,New,0.7776880105941304,1,HIGH,Offer a longer-term contract with an incentive. Provide an early-tenure retention offer or onboarding support. Review pricing and offer a suitable plan or discount.
3319-DWOEP,Male,1,Yes,No,6,Yes,No,Fiber optic,No,No,Yes,No,Yes,Yes,Month-to-month,Yes,Electronic check,95.75,573.75,1,6,95.625,4,1,0,1,1,New,0.7738212586565677,1,HIGH,Offer a longer-term contract with an incentive. Provide an early-tenure retention offer or onboarding support. Review pricing and offer a suitable plan or discount.
4415-IJZTP,Female,0,No,No,1,Yes,Yes,Fiber optic,No,No,No,No,No,No,Month-to-month,Yes,Electronic check,74.5,74.5,1,1,74.5,2,1,0,1,1,New,0.8651087145882694,1,HIGH,Offer a longer-term contract with an incentive. Provide an early-tenure retention offer or onboarding support. Offer technical support or a support package.
1465-VINDH,Female,0,Yes,Yes,10,Yes,Yes,Fiber optic,No,Yes,Yes,No,Yes,Yes,Month-to-month,Yes,Credit card (automatic),102.1,1068.85,1,10,106.885,6,1,1,1,1,New,0.8068970457806088,1,HIGH,Offer a longer-term contract with an incentive. Provide an early-tenure retention offer or onboarding support. Review pricing and offer a suitable plan or discount.
1925-TIBLE,Female,0,Yes,No,7,Yes,Yes,Fiber optic,No,No,No,No,Yes,No,Month-to-month,Yes,Electronic check,86.5,582.5,1,7,83.21428571428571,3,1,0,1,1,New,0.8065347348289374,1,HIGH,Offer a longer-term contract with an incentive. Provide an early-tenure retention offer or onboarding support. Review pricing and offer a suitable plan or discount.
1447-GIQMR,Male,0,Yes,No,1,Yes,No,Fiber optic,No,No,No,No,No,No,Month-to-month,Yes,Electronic check,69.15,69.15,1,1,69.15,1,1,0,1,0,New,0.8291181715869403,1,HIGH,Offer a longer-term contract with an incentive. Provide an early-tenure retention offer or onboarding support. Offer technical support or a support package.
1389-CXMLU,Male,1,No,No,3,Yes,Yes,Fiber optic,No,No,Yes,No,Yes,No,Month-to-month,No,Electronic check,91.05,289.1,1,3,96.36666666666667,4,0,0,1,1,New,0.8528980590290539,1,HIGH,Offer a longer-term contract with an incentive. Provide an early-tenure retention offer or onboarding support. Review pricing and offer a suitable plan or discount.
5561-NWEVX,Female,1,Yes,No,2,Yes,Yes,Fiber optic,No,No,Yes,No,No,No,Month-to-month,No,Electronic check,79.2,172.85,1,2,86.425,3,0,0,1,1,New,0.7773998662321342,1,HIGH,Offer a longer-term contract with an incentive. Provide an early-tenure retention offer or onboarding support. Offer technical support or a support package.
7315-WYOAW,Male,0,No,No,13,Yes,Yes,Fiber optic,No,No,No,Yes,Yes,Yes,Month-to-month,No,Electronic check,100.75,1313.25,0,13,101.01923076923076,5,0,0,0,1,Established,0.7107837563260414,1,HIGH,Offer a longer-term contract with an incentive. Review pricing and offer a suitable plan or discount. Recommend an online security service.
1173-XZPYF,Female,0,No,No,11,Yes,Yes,Fiber optic,No,No,Yes,No,Yes,No,Month-to-month,Yes,Electronic check,89.2,990.3,0,11,90.02727272727272,4,1,0,1,1,New,0.773548538456043,1,HIGH,Offer a longer-term contract with an incentive. Provide an early-tenure retention offer or onboarding support. Review pricing and offer a suitable plan or discount.
6230-BSUXY,Female,1,No,No,1,Yes,No,Fiber optic,No,No,Yes,No,No,Yes,Month-to-month,Yes,Electronic check,85.0,85.0,1,1,85.0,3,1,0,1,1,New,0.862534161541318,1,HIGH,Offer a longer-term contract with an incentive. Provide an early-tenure retention offer or onboarding support. Review pricing and offer a suitable plan or discount.
7660-HDPJV,Female,0,No,No,1,Yes,No,Fiber optic,No,No,No,No,No,No,Month-to-month,Yes,Electronic check,69.2,69.2,1,1,69.2,1,1,0,1,0,New,0.8323489942404114,1,HIGH,Offer a longer-term contract with an incentive. Provide an early-tenure retention offer or onboarding support. Offer technical support or a support package.
8992-JQYUN,Male,0,Yes,No,1,No,No phone service,DSL,No,No,Yes,No,Yes,Yes,Month-to-month,Yes,Electronic check,50.35,50.35,1,1,50.35,3,1,0,1,0,New,0.7843012921134163,1,HIGH,Offer a longer-term contract with an incentive. Provide an early-tenure retention offer or onboarding support. Offer technical support or a support package.
2446-PLQVO,Male,0,No,No,1,Yes,No,Fiber optic,No,No,No,No,No,No,Month-to-month,Yes,Electronic check,70.3,70.3,1,1,70.3,1,1,0,1,0,New,0.8206655655420206,1,HIGH,Offer a longer-term contract with an incentive. Provide an early-tenure retention offer or onboarding support. Offer technical support or a support package.
9451-LPGOO,Male,0,No,No,7,Yes,Yes,Fiber optic,No,No,No,No,No,Yes,Month-to-month,Yes,Electronic check,86.8,620.35,1,7,88.62142857142858,3,1,0,1,1,New,0.7713952236988872,1,HIGH,Offer a longer-term contract with an incentive. Provide an early-tenure retention offer or onboarding support. Review pricing and offer a suitable plan or discount.
5868-YWPDW,Male,1,Yes,No,6,Yes,No,Fiber optic,No,Yes,No,No,No,Yes,Month-to-month,Yes,Electronic check,84.2,519.15,1,6,86.52499999999999,3,1,0,1,1,New,0.7207138485169478,1,HIGH,Offer a longer-term contract with an incentive. Provide an early-tenure retention offer or onboarding support. Review pricing and offer a suitable plan or discount.
6229-LSCKB,Male,1,No,No,6,Yes,No,Fiber optic,No,No,No,No,Yes,No,Month-to-month,Yes,Electronic check,79.7,497.6,0,6,82.93333333333334,2,1,0,1,1,New,0.7193269798146881,1,HIGH,Offer a longer-term contract with an incentive. Provide an early-tenure retention offer or onboarding support. Offer technical support or a support package.
4078-SAYYN,Female,0,No,No,11,Yes,Yes,Fiber optic,No,No,Yes,No,Yes,Yes,Month-to-month,Yes,Electronic check,100.75,1129.75,1,11,102.70454545454544,5,1,0,1,1,New,0.850319631293125,1,HIGH,Offer a longer-term contract with an incentive. Provide an early-tenure retention offer or onboarding support. Review pricing and offer a suitable plan or discount.
6618-RYATB,Female,0,No,No,1,Yes,Yes,Fiber optic,No,No,Yes,No,No,No,Month-to-month,Yes,Mailed check,79.55,79.55,1,1,79.55,3,1,0,1,1,New,0.8920710610240055,1,HIGH,Offer a longer-term contract with an incentive. Provide an early-tenure retention offer or onboarding support. Offer technical support or a support package.
1273-MTETI,Female,1,No,No,4,Yes,Yes,Fiber optic,No,No,Yes,No,No,Yes,Month-to-month,Yes,Electronic check,88.85,372.45,1,4,93.1125,4,1,0,1,1,New,0.8516241171996016,1,HIGH,Offer a longer-term contract with an incentive. Provide an early-tenure retention offer or onboarding support. Review pricing and offer a suitable plan or discount.
0295-PPHDO,Male,0,No,No,1,Yes,Yes,Fiber optic,No,No,No,No,Yes,Yes,Month-to-month,Yes,Electronic check,95.45,95.45,1,1,95.45,4,1,0,1,1,New,0.9240700428157593,1,HIGH,Offer a longer-term contract with an incentive. Provide an early-tenure retention offer or onboarding support. Review pricing and offer a suitable plan or discount.
4501-EQDRN,Female,0,No,No,1,Yes,No,Fiber optic,No,No,No,No,No,No,Month-to-month,No,Bank transfer (automatic),69.7,69.7,1,1,69.7,1,0,1,1,0,New,0.7227053764071056,1,HIGH,Offer a longer-term contract with an incentive. Provide an early-tenure retention offer or onboarding support. Offer technical support or a support package.
2990-HWIML,Female,0,No,No,6,Yes,No,Fiber optic,No,No,No,No,Yes,Yes,Month-to-month,Yes,Electronic check,89.5,573.3,1,6,95.55,3,1,0,1,1,New,0.7893702157021607,1,HIGH,Offer a longer-term contract with an incentive. Provide an early-tenure retention offer or onboarding support. Review pricing and offer a suitable plan or discount.
7384-GHBPI,Male,0,Yes,No,3,No,No phone service,DSL,No,No,No,No,No,Yes,Month-to-month,Yes,Electronic check,35.15,99.75,1,3,33.25,1,1,0,1,0,New,0.7033148741104309,1,HIGH,Offer a longer-term contract with an incentive. Provide an early-tenure retention offer or onboarding support. Offer technical support or a support package.
7234-FECYN,Female,1,No,No,8,Yes,Yes,Fiber optic,No,No,Yes,No,Yes,Yes,Month-to-month,No,Electronic check,101.35,780.5,1,8,97.5625,5,0,0,1,1,New,0.7969674966186355,1,HIGH,Offer a longer-term contract with an incentive. Provide an early-tenure retention offer or onboarding support. Review pricing and offer a suitable plan or discount.
1400-MMYXY,Male,1,Yes,No,3,Yes,Yes,Fiber optic,No,Yes,Yes,No,Yes,Yes,Month-to-month,Yes,Electronic check,105.9,334.65,1,3,111.55,6,1,0,1,1,New,0.8298194847999091,1,HIGH,Offer a longer-term contract with an incentive. Provide an early-tenure retention offer or onboarding support. Review pricing and offer a suitable plan or discount.
2215-ZAFGX,Male,0,No,No,9,Yes,Yes,Fiber optic,No,No,No,No,Yes,No,Month-to-month,Yes,Electronic check,85.5,791.7,0,9,87.96666666666667,3,1,0,1,1,New,0.7778534248326828,1,HIGH,Offer a longer-term contract with an incentive. Provide an early-tenure retention offer or onboarding support. Review pricing and offer a suitable plan or discount.
6457-GIRWB,Male,0,No,No,1,Yes,No,Fiber optic,No,No,No,No,No,No,Month-to-month,Yes,Electronic check,69.35,69.35,1,1,69.35,1,1,0,1,0,New,0.8291181715869403,1,HIGH,Offer a longer-term contract with an incentive. Provide an early-tenure retention offer or onboarding support. Offer technical support or a support package.
6502-MJQAE,Male,0,No,No,1,Yes,No,Fiber optic,No,No,No,No,No,No,Month-to-month,Yes,Electronic check,69.6,69.6,1,1,69.6,1,1,0,1,0,New,0.8291181715869403,1,HIGH,Offer a longer-term contract with an incentive. Provide an early-tenure retention offer or onboarding support. Offer technical support or a support package.
1564-NTYXF,Female,1,No,No,13,Yes,Yes,Fiber optic,No,No,No,No,No,Yes,Month-to-month,Yes,Electronic check,82.0,1127.2,1,13,86.70769230769231,3,1,0,0,1,Established,0.7709061074605763,1,HIGH,Offer a longer-term contract with an incentive. Review pricing and offer a suitable plan or discount. Offer technical support or a support package.
9547-ITEFG,Male,0,Yes,Yes,9,Yes,Yes,Fiber optic,No,Yes,Yes,No,Yes,Yes,Month-to-month,Yes,Credit card (automatic),102.6,897.75,0,9,99.75,6,1,1,1,1,New,0.708952173299798,1,HIGH,Offer a longer-term contract with an incentive. Provide an early-tenure retention offer or onboarding support. Review pricing and offer a suitable plan or discount.
8083-YTZES,Male,0,No,No,4,Yes,Yes,Fiber optic,No,No,No,No,No,No,Month-to-month,Yes,Electronic check,74.35,265.35,1,4,66.3375,2,1,0,1,1,New,0.7485924496005021,1,HIGH,Offer a longer-term contract with an incentive. Provide an early-tenure retention offer or onboarding support. Offer technical support or a support package.
1980-KXVPM,Female,1,No,No,3,Yes,Yes,Fiber optic,No,No,No,No,No,No,Month-to-month,Yes,Credit card (automatic),75.05,256.25,1,3,85.41666666666667,2,1,1,1,1,New,0.7861267516323106,1,HIGH,Offer a longer-term contract with an incentive. Provide an early-tenure retention offer or onboarding support. Offer technical support or a support package.
0723-DRCLG,Female,1,Yes,No,1,Yes,Yes,Fiber optic,No,No,No,No,No,No,Month-to-month,Yes,Electronic check,74.45,74.45,1,1,74.45,2,1,0,1,1,New,0.8716670394738315,1,HIGH,Offer a longer-term contract with an incentive. Provide an early-tenure retention offer or onboarding support. Offer technical support or a support package.
1122-JWTJW,Male,0,Yes,Yes,1,Yes,No,Fiber optic,No,No,No,No,No,No,Month-to-month,Yes,Mailed check,70.65,70.65,1,1,70.65,1,1,0,1,1,New,0.7827663771544384,1,HIGH,Offer a longer-term contract with an incentive. Provide an early-tenure retention offer or onboarding support. Offer technical support or a support package.
6894-LFHLY,Male,1,No,No,1,Yes,Yes,Fiber optic,No,No,No,No,No,No,Month-to-month,Yes,Electronic check,75.75,75.75,1,1,75.75,2,1,0,1,1,New,0.9221522550851654,1,HIGH,Offer a longer-term contract with an incentive. Provide an early-tenure retention offer or onboarding support. Offer technical support or a support package.
8361-LTMKD,Male,1,Yes,No,4,Yes,Yes,Fiber optic,No,No,No,No,No,No,Month-to-month,Yes,Mailed check,74.4,306.6,1,4,76.65,2,1,0,1,1,New,0.7084285046926858,1,HIGH,Offer a longer-term contract with an incentive. Provide an early-tenure retention offer or onboarding support. Offer technical support or a support package.
